Workbook

Sheet Leia-me
A1: Regimes de earnings e juros do Ibovespa
A2: Tabelas e graficos no formato do Regime Monitor da XP, com a grade earnings x juros
A5: Regra de earnings | B5: Inclinacao OLS do log do BPA esperado 12 meses a frente sobre os ultimos 63 pregoes. O sinal e observado apenas no ultimo pregao de cada mes. Inclinacao positiva e Earnings Up; nao positiva e Earnings Down.
A6: Filtro de mudanca | B6: Uma virada exige dois fechamentos mensais consecutivos do lado oposto e passa a valer no pregao seguinte a segunda confirmacao. Sem media movel, sem winsorizacao, sem banda e sem ajuste pelo Focus.
A7: Regra de juros | B7: Classificacao Hike e Cut da serie do swap Pre-DI de 360 dias. Hike e Juros Up, Cut e Juros Down. Juros Down forcado desde 07/05/2025 ate o fim da amostra, em linha com os reports da XP.
A8: Retornos | B8: O retorno de fechamento a fechamento de t para t+1 e atribuido ao regime vigente em t. Composicao em log, anualizacao por 252 pregoes.
A9: Retorno real | B9: IPCA mensal realizado, com o log da inflacao do mes distribuido igualmente entre os intervalos de pregao daquele mes. Agosto de 2026 fica fora do retorno real por nao haver IPCA realizado.
A10: Frequencia | B10: Dias corridos entre datas efetivas de mudanca de regime.
A11: Amostra | B11: 03/04/2006 a 12/08/2026, 5.036 pregoes classificados, 29 episodios de earnings e 41 episodios combinados.
A13: Abas
A14: Resumo_regimes | B14: Quadro-sintese dos quatro quadrantes, frequencias marginais, estado corrente e os dois graficos de barras.
A15: Graficos | B15: Ibovespa colorido pelo quadrante vigente, swap Pre-DI por regime de juros e a serie de BPA.
A16: Episodios | B16: Os 41 episodios combinados com duracao e desempenho de Ibovespa, CDI, USDBRL e swap.
A17: Ep_por_quadrante | B17: Os mesmos episodios separados por quadrante, no formato das tabelas do report, com mediana e taxa de acerto.
A18: Classes_ativos | B18: Grade de classes de ativos por episodio, com media ponderada e taxa de acerto.
A19: Transicoes | B19: Matriz de transicao entre quadrantes, equivalente ao diagrama do report.
A20: Acumulado_por_regime | B20: Desempenho acumulado do Ibovespa dentro de cada quadrante, com a curva parada nos dias fora do regime.
A21: Trajetoria_eventos | B21: Retorno acumulado do Ibovespa nos ultimos cinco episodios de cada um dos quatro quadrantes, ate 252 pregoes, com um grafico por bloco.
A22: Painel_diario | B22: Base diaria completa. Todas as tabelas apontam para ela.
A23: Mensal | B23: IPCA por mes e a alocacao do log da inflacao entre os intervalos de pregao.
A24: Diagnostico | B24: Sensibilidade, teste de rotacao, bootstrap por episodio, poder preditivo e subamostras.
A26: Fontes
A27: BPA 12 meses a frente | B27: Ibovespa Best EPS.xlsx, planilha Sheet1, de 02/01/2006 a 24/08/2026.
A28: Ibovespa | B28: BCB SGS serie 7 ate 30/12/2013 e serie B3 do projeto desde 02/01/2014. Emenda verificada, retorno de -2,26% em 02/01/2014.
A29: Regimes de juros | B29: swap_pre_di_regimes.csv. Nivel do swap em swap_pre_di_360.csv.
A30: IPCA | B30: BCB SGS 433, arquivos JSON em tmp/earnings_regimes_analysis/ipca, de jan/2006 a jul/2026.
A31: CDI | B31: BCB SGS 12, diario. De 2006 a 2013 baixado do BCB nesta sessao; de 2014 em diante do arquivo cdi_sgs12.csv ja existente no projeto.
A32: USDBRL | B32: PTAX diaria do BCB, arquivos em .codex_eps_analysis/macro.
A34: O que nao foi reproduzido
A35: SMLL, IMA-B 5 e IMA-B 5+ | B35: Nao ha essas series no projeto. As linhas correspondentes da tabela de classes de ativos ficaram de fora.
A36: Setores e cestas de fatores | B36: As abas setoriais MSCI em datasets/ibovespa_msci_return_decomposition sao templates do Bloomberg sem dados carregados. Com um refresh do Bloomberg, as tabelas setoriais e de fatores do report passam a ser reproduziveis.
A37: Limiar de mudanca de regime | B37: O report da XP mostra o nivel de swap que dispararia a virada. Isso depende do modelo proprietario de juros e nao foi replicado.
A39: Como o arquivo esta montado | B39: O Painel_diario e a base de dados. As tabelas-resumo sao formulas com SUMIFS, COUNTIFS e INDEX, entao recalculam sozinhas se a base for estendida. A classificacao de regime em si vem do algoritmo documentado e entra como valor, porque a maquina de estados de confirmacao mensal nao se escreve em formula de planilha.
A40: Serie de BPA | B40: A coluna do BPA 12 meses a frente foi removida desta versao publica por ser dado licenciado da Bloomberg (campo BEst EPS). A inclinacao de 63 pregoes, que e a estatistica usada pela regra, continua na planilha, e todas as tabelas e graficos funcionam sem a serie bruta. Para regenerar o arquivo completo, basta ter o Ibovespa Best EPS.xlsx e rodar src/build_report.py.
A41: Aviso de leitura | B41: Os quatro numeros de retorno sao decomposicao historica, nao previsao. A aba Diagnostico mostra que a ordenacao entre quadrantes e estavel, mas a magnitude do efeito de earnings nao e.
A43: Gerado em 02/09/2026. Nenhum arquivo de entrada foi alterado.

Sheet Resumo_regimes
A1: Ibovespa nos regimes de earnings e juros
A2: Amostra efetiva de 03/04/2006 a 12/08/2026. Todas as celulas abaixo sao formulas sobre Painel_diario e Episodios.
A4: Quadrante | B4: Descricao | C4: % do tempo | D4: Dias corridos | E4: Episodios | F4: Duracao media (dias) | G4: Duracao mediana (dias) | H4: Ibov anual nominal | I4: Ibov anual real | J4: Ibov anual sobre CDI | K4: Dias positivos | L4: Episodios positivos | M4: Taxa de acerto
A5: EU_JD | B5: Earnings Up / Juros Down | C5: =D5/SUM($D$5:$D$8) | D5: =SUMIF(Episodios!$B$5:$B$45,$A5,Episodios!$J$5:$J$45) | E5: =COUNTIF(Episodios!$B$5:$B$45,$A5) | F5: =D5/E5 | G5: =MEDIAN(Ep_por_quadrante!C6:C17) | H5: =EXP(SUMIFS(Painel_diario!$L$2:$L$5037,Painel_diario!$H$2:$H$5037,$A5)*252/COUNTIFS(Painel_diario!$H$2:$H$5037,$A5,Painel_diario!$J$2:$J$5037,1))-1 | I5: =EXP(SUMIFS(Painel_diario!$N$2:$N$5037,Painel_diario!$H$2:$H$5037,$A5)*252/COUNTIFS(Painel_diario!$H$2:$H$5037,$A5,Painel_diario!$K$2:$K$5037,1))-1 | J5: =EXP((SUMIFS(Painel_diario!$L$2:$L$5037,Painel_diario!$H$2:$H$5037,$A5)-SUMIFS(Painel_diario!$P$2:$P$5037,Painel_diario!$H$2:$H$5037,$A5))*252/COUNTIFS(Painel_diario!$H$2:$H$5037,$A5,Painel_diario!$J$2:$J$5037,1))-1 | K5: =COUNTIFS(Painel_diario!$H$2:$H$5037,$A5,Painel_diario!$L$2:$L$5037,">0")/COUNTIFS(Painel_diario!$H$2:$H$5037,$A5,Painel_diario!$J$2:$J$5037,1) | L5: =COUNTIFS(Episodios!$B$5:$B$45,$A5,Episodios!$P$5:$P$45,">0") | M5: =L5/E5
A6: EU_JU | B6: Earnings Up / Juros Up | C6: =D6/SUM($D$5:$D$8) | D6: =SUMIF(Episodios!$B$5:$B$45,$A6,Episodios!$J$5:$J$45) | E6: =COUNTIF(Episodios!$B$5:$B$45,$A6) | F6: =D6/E6 | G6: =MEDIAN(Ep_por_quadrante!C25:C35) | H6: =EXP(SUMIFS(Painel_diario!$L$2:$L$5037,Painel_diario!$H$2:$H$5037,$A6)*252/COUNTIFS(Painel_diario!$H$2:$H$5037,$A6,Painel_diario!$J$2:$J$5037,1))-1 | I6: =EXP(SUMIFS(Painel_diario!$N$2:$N$5037,Painel_diario!$H$2:$H$5037,$A6)*252/COUNTIFS(Painel_diario!$H$2:$H$5037,$A6,Painel_diario!$K$2:$K$5037,1))-1 | J6: =EXP((SUMIFS(Painel_diario!$L$2:$L$5037,Painel_diario!$H$2:$H$5037,$A6)-SUMIFS(Painel_diario!$P$2:$P$5037,Painel_diario!$H$2:$H$5037,$A6))*252/COUNTIFS(Painel_diario!$H$2:$H$5037,$A6,Painel_diario!$J$2:$J$5037,1))-1 | K6: =COUNTIFS(Painel_diario!$H$2:$H$5037,$A6,Painel_diario!$L$2:$L$5037,">0")/COUNTIFS(Painel_diario!$H$2:$H$5037,$A6,Painel_diario!$J$2:$J$5037,1) | L6: =COUNTIFS(Episodios!$B$5:$B$45,$A6,Episodios!$P$5:$P$45,">0") | M6: =L6/E6
A7: ED_JD | B7: Earnings Down / Juros Down | C7: =D7/SUM($D$5:$D$8) | D7: =SUMIF(Episodios!$B$5:$B$45,$A7,Episodios!$J$5:$J$45) | E7: =COUNTIF(Episodios!$B$5:$B$45,$A7) | F7: =D7/E7 | G7: =MEDIAN(Ep_por_quadrante!C43:C51) | H7: =EXP(SUMIFS(Painel_diario!$L$2:$L$5037,Painel_diario!$H$2:$H$5037,$A7)*252/COUNTIFS(Painel_diario!$H$2:$H$5037,$A7,Painel_diario!$J$2:$J$5037,1))-1 | I7: =EXP(SUMIFS(Painel_diario!$N$2:$N$5037,Painel_diario!$H$2:$H$5037,$A7)*252/COUNTIFS(Painel_diario!$H$2:$H$5037,$A7,Painel_diario!$K$2:$K$5037,1))-1 | J7: =EXP((SUMIFS(Painel_diario!$L$2:$L$5037,Painel_diario!$H$2:$H$5037,$A7)-SUMIFS(Painel_diario!$P$2:$P$5037,Painel_diario!$H$2:$H$5037,$A7))*252/COUNTIFS(Painel_diario!$H$2:$H$5037,$A7,Painel_diario!$J$2:$J$5037,1))-1 | K7: =COUNTIFS(Painel_diario!$H$2:$H$5037,$A7,Painel_diario!$L$2:$L$5037,">0")/COUNTIFS(Painel_diario!$H$2:$H$5037,$A7,Painel_diario!$J$2:$J$5037,1) | L7: =COUNTIFS(Episodios!$B$5:$B$45,$A7,Episodios!$P$5:$P$45,">0") | M7: =L7/E7
A8: ED_JU | B8: Earnings Down / Juros Up | C8: =D8/SUM($D$5:$D$8) | D8: =SUMIF(Episodios!$B$5:$B$45,$A8,Episodios!$J$5:$J$45) | E8: =COUNTIF(Episodios!$B$5:$B$45,$A8) | F8: =D8/E8 | G8: =MEDIAN(Ep_por_quadrante!C59:C67) | H8: =EXP(SUMIFS(Painel_diario!$L$2:$L$5037,Painel_diario!$H$2:$H$5037,$A8)*252/COUNTIFS(Painel_diario!$H$2:$H$5037,$A8,Painel_diario!$J$2:$J$5037,1))-1 | I8: =EXP(SUMIFS(Painel_diario!$N$2:$N$5037,Painel_diario!$H$2:$H$5037,$A8)*252/COUNTIFS(Painel_diario!$H$2:$H$5037,$A8,Painel_diario!$K$2:$K$5037,1))-1 | J8: =EXP((SUMIFS(Painel_diario!$L$2:$L$5037,Painel_diario!$H$2:$H$5037,$A8)-SUMIFS(Painel_diario!$P$2:$P$5037,Painel_diario!$H$2:$H$5037,$A8))*252/COUNTIFS(Painel_diario!$H$2:$H$5037,$A8,Painel_diario!$J$2:$J$5037,1))-1 | K8: =COUNTIFS(Painel_diario!$H$2:$H$5037,$A8,Painel_diario!$L$2:$L$5037,">0")/COUNTIFS(Painel_diario!$H$2:$H$5037,$A8,Painel_diario!$J$2:$J$5037,1) | L8: =COUNTIFS(Episodios!$B$5:$B$45,$A8,Episodios!$P$5:$P$45,">0") | M8: =L8/E8
B9: Total / Ibovespa na amostra | C9: =SUM(C5:C8) | D9: =SUM(D5:D8) | E9: =SUM(E5:E8) | H9: =EXP(SUM(Painel_diario!$L$2:$L$5037)*252/COUNTIF(Painel_diario!$J$2:$J$5037,1))-1 | I9: =EXP(SUM(Painel_diario!$N$2:$N$5037)*252/COUNTIF(Painel_diario!$K$2:$K$5037,1))-1 | J9: =EXP((SUM(Painel_diario!$L$2:$L$5037)-SUM(Painel_diario!$P$2:$P$5037))*252/COUNTIF(Painel_diario!$J$2:$J$5037,1))-1 | K9: =COUNTIF(Painel_diario!$L$2:$L$5037,">0")/COUNTIF(Painel_diario!$J$2:$J$5037,1)
A11: Frequencias marginais
A12: Classificacao | B12: Dias corridos | C12: % do tempo | D12: Ibov anual real
A13: Earnings Up | B13: =SUMIF(Episodios!$B$5:$B$45,"EU_JD",Episodios!$J$5:$J$45)+SUMIF(Episodios!$B$5:$B$45,"EU_JU",Episodios!$J$5:$J$45) | C13: =B13/SUM($D$5:$D$8) | D13: =EXP(SUMIFS(Painel_diario!$N$2:$N$5037,Painel_diario!$F$2:$F$5037,"Up")*252/COUNTIFS(Painel_diario!$F$2:$F$5037,"Up",Painel_diario!$K$2:$K$5037,1))-1
A14: Earnings Down | B14: =SUMIF(Episodios!$B$5:$B$45,"ED_JD",Episodios!$J$5:$J$45)+SUMIF(Episodios!$B$5:$B$45,"ED_JU",Episodios!$J$5:$J$45) | C14: =B14/SUM($D$5:$D$8) | D14: =EXP(SUMIFS(Painel_diario!$N$2:$N$5037,Painel_diario!$F$2:$F$5037,"Down")*252/COUNTIFS(Painel_diario!$F$2:$F$5037,"Down",Painel_diario!$K$2:$K$5037,1))-1
A15: Juros Up | B15: =SUMIF(Episodios!$B$5:$B$45,"EU_JU",Episodios!$J$5:$J$45)+SUMIF(Episodios!$B$5:$B$45,"ED_JU",Episodios!$J$5:$J$45) | C15: =B15/SUM($D$5:$D$8) | D15: =EXP(SUMIFS(Painel_diario!$N$2:$N$5037,Painel_diario!$G$2:$G$5037,"Up")*252/COUNTIFS(Painel_diario!$G$2:$G$5037,"Up",Painel_diario!$K$2:$K$5037,1))-1
A16: Juros Down | B16: =SUMIF(Episodios!$B$5:$B$45,"EU_JD",Episodios!$J$5:$J$45)+SUMIF(Episodios!$B$5:$B$45,"ED_JD",Episodios!$J$5:$J$45) | C16: =B16/SUM($D$5:$D$8) | D16: =EXP(SUMIFS(Painel_diario!$N$2:$N$5037,Painel_diario!$G$2:$G$5037,"Down")*252/COUNTIFS(Painel_diario!$G$2:$G$5037,"Down",Painel_diario!$K$2:$K$5037,1))-1
A18: Estado corrente em 12/08/2026
A19: Regime de earnings | B19: Earnings Up desde 01/12/2025
A20: Regime de juros | B20: Juros Down desde 07/05/2025
A21: Quadrante combinado | B21: Earnings Up / Juros Down desde 01/12/2025
A22: Ultima observacao comum | B22: 12/08/2026
A23: Ultimo IPCA realizado | B23: julho de 2026
A26: Duracao mediana preenchida na aba Ep_por_quadrante, onde os episodios de cada quadrante ficam em linhas contiguas.

Sheet Graficos
A1: Graficos do report
A2: As series vem do Painel_diario. O Ibovespa aparece em quatro colunas, uma por quadrante, para colorir o nivel do indice conforme o regime vigente.

Sheet Episodios
A1: Episodios combinados de earnings e juros
A2: Um episodio comeca no primeiro pregao em que o quadrante vigora e termina no primeiro pregao do quadrante seguinte. Metricas calculadas por formula sobre o Painel_diario.
A4: # | B4: Quadrante | C4: Descricao | D4: Earnings | E4: Juros | F4: Inicio | G4: Fim | H4: Fim exclusivo | I4: Ultimo pregao | J4: Dias corridos | K4: Pregoes | L4: Intervalos | M4: Interv. c/ IPCA | N4: Ibov total nominal | O4: Ibov anual nominal | P4: Ibov total real | Q4: Ibov anual real | R4: CDI anual | S4: Ibov anual sobre CDI | T4: USDBRL anual | U4: Swap 360d (bps) | V4: Corrente
A5: 1 | B5: EU_JD | C5: Earnings Up / Juros Down | D5: Up | E5: Down | F5: 38810 | G5: 38869 | H5: 38869 | I5: 38868 | J5: =G5-F5 | K5: =COUNTIFS(Painel_diario!$A$2:$A$5037,">="&$F5,Painel_diario!$A$2:$A$5037,"<"&$H5) | L5: =COUNTIFS(Painel_diario!$A$2:$A$5037,">="&$F5,Painel_diario!$A$2:$A$5037,"<"&$H5,Painel_diario!$J$2:$J$5037,1) | M5: =COUNTIFS(Painel_diario!$A$2:$A$5037,">="&$F5,Painel_diario!$A$2:$A$5037,"<"&$H5,Painel_diario!$K$2:$K$5037,1) | N5: =EXP(SUMIFS(Painel_diario!$L$2:$L$5037,Painel_diario!$A$2:$A$5037,">="&$F5,Painel_diario!$A$2:$A$5037,"<"&$H5))-1 | O5: =IF(L5=0,"",EXP(SUMIFS(Painel_diario!$L$2:$L$5037,Painel_diario!$A$2:$A$5037,">="&$F5,Painel_diario!$A$2:$A$5037,"<"&$H5)*252/L5)-1) | P5: =EXP(SUMIFS(Painel_diario!$N$2:$N$5037,Painel_diario!$A$2:$A$5037,">="&$F5,Painel_diario!$A$2:$A$5037,"<"&$H5))-1 | Q5: =IF(M5=0,"",EXP(SUMIFS(Painel_diario!$N$2:$N$5037,Painel_diario!$A$2:$A$5037,">="&$F5,Painel_diario!$A$2:$A$5037,"<"&$H5)*252/M5)-1) | R5: =IF(L5=0,"",EXP(SUMIFS(Painel_diario!$P$2:$P$5037,Painel_diario!$A$2:$A$5037,">="&$F5,Painel_diario!$A$2:$A$5037,"<"&$H5)*252/L5)-1) | S5: =IF(L5=0,"",EXP((SUMIFS(Painel_diario!$L$2:$L$5037,Painel_diario!$A$2:$A$5037,">="&$F5,Painel_diario!$A$2:$A$5037,"<"&$H5)-SUMIFS(Painel_diario!$P$2:$P$5037,Painel_diario!$A$2:$A$5037,">="&$F5,Painel_diario!$A$2:$A$5037,"<"&$H5))*252/L5)-1) | T5: =IF(L5=0,"",EXP(SUMIFS(Painel_diario!$Q$2:$Q$5037,Painel_diario!$A$2:$A$5037,">="&$F5,Painel_diario!$A$2:$A$5037,"<"&$H5)*252/L5)-1) | U5: =(INDEX(Painel_diario!$S$2:$S$5037,MATCH($I5,Painel_diario!$A$2:$A$5037,0))-INDEX(Painel_diario!$S$2:$S$5037,MATCH($F5,Painel_diario!$A$2:$A$5037,0)))*100
A6: 2 | B6: ED_JD | C6: Earnings Down / Juros Down | D6: Down | E6: Down | F6: 38869 | G6: 39022 | H6: 39022 | I6: 39021 | J6: =G6-F6 | K6: =COUNTIFS(Painel_diario!$A$2:$A$5037,">="&$F6,Painel_diario!$A$2:$A$5037,"<"&$H6) | L6: =COUNTIFS(Painel_diario!$A$2:$A$5037,">="&$F6,Painel_diario!$A$2:$A$5037,"<"&$H6,Painel_diario!$J$2:$J$5037,1) | M6: =COUNTIFS(Painel_diario!$A$2:$A$5037,">="&$F6,Painel_diario!$A$2:$A$5037,"<"&$H6,Painel_diario!$K$2:$K$5037,1) | N6: =EXP(SUMIFS(Painel_diario!$L$2:$L$5037,Painel_diario!$A$2:$A$5037,">="&$F6,Painel_diario!$A$2:$A$5037,"<"&$H6))-1 | O6: =IF(L6=0,"",EXP(SUMIFS(Painel_diario!$L$2:$L$5037,Painel_diario!$A$2:$A$5037,">="&$F6,Painel_diario!$A$2:$A$5037,"<"&$H6)*252/L6)-1) | P6: =EXP(SUMIFS(Painel_diario!$N$2:$N$5037,Painel_diario!$A$2:$A$5037,">="&$F6,Painel_diario!$A$2:$A$5037,"<"&$H6))-1 | Q6: =IF(M6=0,"",EXP(SUMIFS(Painel_diario!$N$2:$N$5037,Painel_diario!$A$2:$A$5037,">="&$F6,Painel_diario!$A$2:$A$5037,"<"&$H6)*252/M6)-1) | R6: =IF(L6=0,"",EXP(SUMIFS(Painel_diario!$P$2:$P$5037,Painel_diario!$A$2:$A$5037,">="&$F6,Painel_diario!$A$2:$A$5037,"<"&$H6)*252/L6)-1) | S6: =IF(L6=0,"",EXP((SUMIFS(Painel_diario!$L$2:$L$5037,Painel_diario!$A$2:$A$5037,">="&$F6,Painel_diario!$A$2:$A$5037,"<"&$H6)-SUMIFS(Painel_diario!$P$2:$P$5037,Painel_diario!$A$2:$A$5037,">="&$F6,Painel_diario!$A$2:$A$5037,"<"&$H6))*252/L6)-1) | T6: =IF(L6=0,"",EXP(SUMIFS(Painel_diario!$Q$2:$Q$5037,Painel_diario!$A$2:$A$5037,">="&$F6,Painel_diario!$A$2:$A$5037,"<"&$H6)*252/L6)-1) | U6: =(INDEX(Painel_diario!$S$2:$S$5037,MATCH($I6,Painel_diario!$A$2:$A$5037,0))-INDEX(Painel_diario!$S$2:$S$5037,MATCH($F6,Painel_diario!$A$2:$A$5037,0)))*100
A7: 3 | B7: EU_JD | C7: Earnings Up / Juros Down | D7: Up | E7: Down | F7: 39022 | G7: 39331 | H7: 39331 | I7: 39330 | J7: =G7-F7 | K7: =COUNTIFS(Painel_diario!$A$2:$A$5037,">="&$F7,Painel_diario!$A$2:$A$5037,"<"&$H7) | L7: =COUNTIFS(Painel_diario!$A$2:$A$5037,">="&$F7,Painel_diario!$A$2:$A$5037,"<"&$H7,Painel_diario!$J$2:$J$5037,1) | M7: =COUNTIFS(Painel_diario!$A$2:$A$5037,">="&$F7,Painel_diario!$A$2:$A$5037,"<"&$H7,Painel_diario!$K$2:$K$5037,1) | N7: =EXP(SUMIFS(Painel_diario!$L$2:$L$5037,Painel_diario!$A$2:$A$5037,">="&$F7,Painel_diario!$A$2:$A$5037,"<"&$H7))-1 | O7: =IF(L7=0,"",EXP(SUMIFS(Painel_diario!$L$2:$L$5037,Painel_diario!$A$2:$A$5037,">="&$F7,Painel_diario!$A$2:$A$5037,"<"&$H7)*252/L7)-1) | P7: =EXP(SUMIFS(Painel_diario!$N$2:$N$5037,Painel_diario!$A$2:$A$5037,">="&$F7,Painel_diario!$A$2:$A$5037,"<"&$H7))-1 | Q7: =IF(M7=0,"",EXP(SUMIFS(Painel_diario!$N$2:$N$5037,Painel_diario!$A$2:$A$5037,">="&$F7,Painel_diario!$A$2:$A$5037,"<"&$H7)*252/M7)-1) | R7: =IF(L7=0,"",EXP(SUMIFS(Painel_diario!$P$2:$P$5037,Painel_diario!$A$2:$A$5037,">="&$F7,Painel_diario!$A$2:$A$5037,"<"&$H7)*252/L7)-1) | S7: =IF(L7=0,"",EXP((SUMIFS(Painel_diario!$L$2:$L$5037,Painel_diario!$A$2:$A$5037,">="&$F7,Painel_diario!$A$2:$A$5037,"<"&$H7)-SUMIFS(Painel_diario!$P$2:$P$5037,Painel_diario!$A$2:$A$5037,">="&$F7,Painel_diario!$A$2:$A$5037,"<"&$H7))*252/L7)-1) | T7: =IF(L7=0,"",EXP(SUMIFS(Painel_diario!$Q$2:$Q$5037,Painel_diario!$A$2:$A$5037,">="&$F7,Painel_diario!$A$2:$A$5037,"<"&$H7)*252/L7)-1) | U7: =(INDEX(Painel_diario!$S$2:$S$5037,MATCH($I7,Painel_diario!$A$2:$A$5037,0))-INDEX(Painel_diario!$S$2:$S$5037,MATCH($F7,Painel_diario!$A$2:$A$5037,0)))*100
A8: 4 | B8: EU_JU | C8: Earnings Up / Juros Up | D8: Up | E8: Up | F8: 39331 | G8: 39449 | H8: 39449 | I8: 39444 | J8: =G8-F8 | K8: =COUNTIFS(Painel_diario!$A$2:$A$5037,">="&$F8,Painel_diario!$A$2:$A$5037,"<"&$H8) | L8: =COUNTIFS(Painel_diario!$A$2:$A$5037,">="&$F8,Painel_diario!$A$2:$A$5037,"<"&$H8,Painel_diario!$J$2:$J$5037,1) | M8: =COUNTIFS(Painel_diario!$A$2:$A$5037,">="&$F8,Painel_diario!$A$2:$A$5037,"<"&$H8,Painel_diario!$K$2:$K$5037,1) | N8: =EXP(SUMIFS(Painel_diario!$L$2:$L$5037,Painel_diario!$A$2:$A$5037,">="&$F8,Painel_diario!$A$2:$A$5037,"<"&$H8))-1 | O8: =IF(L8=0,"",EXP(SUMIFS(Painel_diario!$L$2:$L$5037,Painel_diario!$A$2:$A$5037,">="&$F8,Painel_diario!$A$2:$A$5037,"<"&$H8)*252/L8)-1) | P8: =EXP(SUMIFS(Painel_diario!$N$2:$N$5037,Painel_diario!$A$2:$A$5037,">="&$F8,Painel_diario!$A$2:$A$5037,"<"&$H8))-1 | Q8: =IF(M8=0,"",EXP(SUMIFS(Painel_diario!$N$2:$N$5037,Painel_diario!$A$2:$A$5037,">="&$F8,Painel_diario!$A$2:$A$5037,"<"&$H8)*252/M8)-1) | R8: =IF(L8=0,"",EXP(SUMIFS(Painel_diario!$P$2:$P$5037,Painel_diario!$A$2:$A$5037,">="&$F8,Painel_diario!$A$2:$A$5037,"<"&$H8)*252/L8)-1) | S8: =IF(L8=0,"",EXP((SUMIFS(Painel_diario!$L$2:$L$5037,Painel_diario!$A$2:$A$5037,">="&$F8,Painel_diario!$A$2:$A$5037,"<"&$H8)-SUMIFS(Painel_diario!$P$2:$P$5037,Painel_diario!$A$2:$A$5037,">="&$F8,Painel_diario!$A$2:$A$5037,"<"&$H8))*252/L8)-1) | T8: =IF(L8=0,"",EXP(SUMIFS(Painel_diario!$Q$2:$Q$5037,Painel_diario!$A$2:$A$5037,">="&$F8,Painel_diario!$A$2:$A$5037,"<"&$H8)*252/L8)-1) | U8: =(INDEX(Painel_diario!$S$2:$S$5037,MATCH($I8,Painel_diario!$A$2:$A$5037,0))-INDEX(Painel_diario!$S$2:$S$5037,MATCH($F8,Painel_diario!$A$2:$A$5037,0)))*100
A9: 5 | B9: ED_JU | C9: Earnings Down / Juros Up | D9: Down | E9: Up | F9: 39449 | G9: 39510 | H9: 39510 | I9: 39506 | J9: =G9-F9 | K9: =COUNTIFS(Painel_diario!$A$2:$A$5037,">="&$F9,Painel_diario!$A$2:$A$5037,"<"&$H9) | L9: =COUNTIFS(Painel_diario!$A$2:$A$5037,">="&$F9,Painel_diario!$A$2:$A$5037,"<"&$H9,Painel_diario!$J$2:$J$5037,1) | M9: =COUNTIFS(Painel_diario!$A$2:$A$5037,">="&$F9,Painel_diario!$A$2:$A$5037,"<"&$H9,Painel_diario!$K$2:$K$5037,1) | N9: =EXP(SUMIFS(Painel_diario!$L$2:$L$5037,Painel_diario!$A$2:$A$5037,">="&$F9,Painel_diario!$A$2:$A$5037,"<"&$H9))-1 | O9: =IF(L9=0,"",EXP(SUMIFS(Painel_diario!$L$2:$L$5037,Painel_diario!$A$2:$A$5037,">="&$F9,Painel_diario!$A$2:$A$5037,"<"&$H9)*252/L9)-1) | P9: =EXP(SUMIFS(Painel_diario!$N$2:$N$5037,Painel_diario!$A$2:$A$5037,">="&$F9,Painel_diario!$A$2:$A$5037,"<"&$H9))-1 | Q9: =IF(M9=0,"",EXP(SUMIFS(Painel_diario!$N$2:$N$5037,Painel_diario!$A$2:$A$5037,">="&$F9,Painel_diario!$A$2:$A$5037,"<"&$H9)*252/M9)-1) | R9: =IF(L9=0,"",EXP(SUMIFS(Painel_diario!$P$2:$P$5037,Painel_diario!$A$2:$A$5037,">="&$F9,Painel_diario!$A$2:$A$5037,"<"&$H9)*252/L9)-1) | S9: =IF(L9=0,"",EXP((SUMIFS(Painel_diario!$L$2:$L$5037,Painel_diario!$A$2:$A$5037,">="&$F9,Painel_diario!$A$2:$A$5037,"<"&$H9)-SUMIFS(Painel_diario!$P$2:$P$5037,Painel_diario!$A$2:$A$5037,">="&$F9,Painel_diario!$A$2:$A$5037,"<"&$H9))*252/L9)-1) | T9: =IF(L9=0,"",EXP(SUMIFS(Painel_diario!$Q$2:$Q$5037,Painel_diario!$A$2:$A$5037,">="&$F9,Painel_diario!$A$2:$A$5037,"<"&$H9)*252/L9)-1) | U9: =(INDEX(Painel_diario!$S$2:$S$5037,MATCH($I9,Painel_diario!$A$2:$A$5037,0))-INDEX(Painel_diario!$S$2:$S$5037,MATCH($F9,Painel_diario!$A$2:$A$5037,0)))*100
A10: 6 | B10: EU_JU | C10: Earnings Up / Juros Up | D10: Up | E10: Up | F10: 39510 | G10: 39792 | H10: 39792 | I10: 39791 | J10: =G10-F10 | K10: =COUNTIFS(Painel_diario!$A$2:$A$5037,">="&$F10,Painel_diario!$A$2:$A$5037,"<"&$H10) | L10: =COUNTIFS(Painel_diario!$A$2:$A$5037,">="&$F10,Painel_diario!$A$2:$A$5037,"<"&$H10,Painel_diario!$J$2:$J$5037,1) | M10: =COUNTIFS(Painel_diario!$A$2:$A$5037,">="&$F10,Painel_diario!$A$2:$A$5037,"<"&$H10,Painel_diario!$K$2:$K$5037,1) | N10: =EXP(SUMIFS(Painel_diario!$L$2:$L$5037,Painel_diario!$A$2:$A$5037,">="&$F10,Painel_diario!$A$2:$A$5037,"<"&$H10))-1 | O10: =IF(L10=0,"",EXP(SUMIFS(Painel_diario!$L$2:$L$5037,Painel_diario!$A$2:$A$5037,">="&$F10,Painel_diario!$A$2:$A$5037,"<"&$H10)*252/L10)-1) | P10: =EXP(SUMIFS(Painel_diario!$N$2:$N$5037,Painel_diario!$A$2:$A$5037,">="&$F10,Painel_diario!$A$2:$A$5037,"<"&$H10))-1 | Q10: =IF(M10=0,"",EXP(SUMIFS(Painel_diario!$N$2:$N$5037,Painel_diario!$A$2:$A$5037,">="&$F10,Painel_diario!$A$2:$A$5037,"<"&$H10)*252/M10)-1) | R10: =IF(L10=0,"",EXP(SUMIFS(Painel_diario!$P$2:$P$5037,Painel_diario!$A$2:$A$5037,">="&$F10,Painel_diario!$A$2:$A$5037,"<"&$H10)*252/L10)-1) | S10: =IF(L10=0,"",EXP((SUMIFS(Painel_diario!$L$2:$L$5037,Painel_diario!$A$2:$A$5037,">="&$F10,Painel_diario!$A$2:$A$5037,"<"&$H10)-SUMIFS(Painel_diario!$P$2:$P$5037,Painel_diario!$A$2:$A$5037,">="&$F10,Painel_diario!$A$2:$A$5037,"<"&$H10))*252/L10)-1) | T10: =IF(L10=0,"",EXP(SUMIFS(Painel_diario!$Q$2:$Q$5037,Painel_diario!$A$2:$A$5037,">="&$F10,Painel_diario!$A$2:$A$5037,"<"&$H10)*252/L10)-1) | U10: =(INDEX(Painel_diario!$S$2:$S$5037,MATCH($I10,Painel_diario!$A$2:$A$5037,0))-INDEX(Painel_diario!$S$2:$S$5037,MATCH($F10,Painel_diario!$A$2:$A$5037,0)))*100
A11: 7 | B11: EU_JD | C11: Earnings Up / Juros Down | D11: Up | E11: Down | F11: 39792 | G11: 39815 | H11: 39815 | I11: 39812 | J11: =G11-F11 | K11: =COUNTIFS(Painel_diario!$A$2:$A$5037,">="&$F11,Painel_diario!$A$2:$A$5037,"<"&$H11) | L11: =COUNTIFS(Painel_diario!$A$2:$A$5037,">="&$F11,Painel_diario!$A$2:$A$5037,"<"&$H11,Painel_diario!$J$2:$J$5037,1) | M11: =COUNTIFS(Painel_diario!$A$2:$A$5037,">="&$F11,Painel_diario!$A$2:$A$5037,"<"&$H11,Painel_diario!$K$2:$K$5037,1) | N11: =EXP(SUMIFS(Painel_diario!$L$2:$L$5037,Painel_diario!$A$2:$A$5037,">="&$F11,Painel_diario!$A$2:$A$5037,"<"&$H11))-1 | O11: =IF(L11=0,"",EXP(SUMIFS(Painel_diario!$L$2:$L$5037,Painel_diario!$A$2:$A$5037,">="&$F11,Painel_diario!$A$2:$A$5037,"<"&$H11)*252/L11)-1) | P11: =EXP(SUMIFS(Painel_diario!$N$2:$N$5037,Painel_diario!$A$2:$A$5037,">="&$F11,Painel_diario!$A$2:$A$5037,"<"&$H11))-1 | Q11: =IF(M11=0,"",EXP(SUMIFS(Painel_diario!$N$2:$N$5037,Painel_diario!$A$2:$A$5037,">="&$F11,Painel_diario!$A$2:$A$5037,"<"&$H11)*252/M11)-1) | R11: =IF(L11=0,"",EXP(SUMIFS(Painel_diario!$P$2:$P$5037,Painel_diario!$A$2:$A$5037,">="&$F11,Painel_diario!$A$2:$A$5037,"<"&$H11)*252/L11)-1) | S11: =IF(L11=0,"",EXP((SUMIFS(Painel_diario!$L$2:$L$5037,Painel_diario!$A$2:$A$5037,">="&$F11,Painel_diario!$A$2:$A$5037,"<"&$H11)-SUMIFS(Painel_diario!$P$2:$P$5037,Painel_diario!$A$2:$A$5037,">="&$F11,Painel_diario!$A$2:$A$5037,"<"&$H11))*252/L11)-1) | T11: =IF(L11=0,"",EXP(SUMIFS(Painel_diario!$Q$2:$Q$5037,Painel_diario!$A$2:$A$5037,">="&$F11,Painel_diario!$A$2:$A$5037,"<"&$H11)*252/L11)-1) | U11: =(INDEX(Painel_diario!$S$2:$S$5037,MATCH($I11,Painel_diario!$A$2:$A$5037,0))-INDEX(Painel_diario!$S$2:$S$5037,MATCH($F11,Painel_diario!$A$2:$A$5037,0)))*100
A12: 8 | B12: ED_JD | C12: Earnings Down / Juros Down | D12: Down | E12: Down | F12: 39815 | G12: 40057 | H12: 40057 | I12: 40056 | J12: =G12-F12 | K12: =COUNTIFS(Painel_diario!$A$2:$A$5037,">="&$F12,Painel_diario!$A$2:$A$5037,"<"&$H12) | L12: =COUNTIFS(Painel_diario!$A$2:$A$5037,">="&$F12,Painel_diario!$A$2:$A$5037,"<"&$H12,Painel_diario!$J$2:$J$5037,1) | M12: =COUNTIFS(Painel_diario!$A$2:$A$5037,">="&$F12,Painel_diario!$A$2:$A$5037,"<"&$H12,Painel_diario!$K$2:$K$5037,1) | N12: =EXP(SUMIFS(Painel_diario!$L$2:$L$5037,Painel_diario!$A$2:$A$5037,">="&$F12,Painel_diario!$A$2:$A$5037,"<"&$H12))-1 | O12: =IF(L12=0,"",EXP(SUMIFS(Painel_diario!$L$2:$L$5037,Painel_diario!$A$2:$A$5037,">="&$F12,Painel_diario!$A$2:$A$5037,"<"&$H12)*252/L12)-1) | P12: =EXP(SUMIFS(Painel_diario!$N$2:$N$5037,Painel_diario!$A$2:$A$5037,">="&$F12,Painel_diario!$A$2:$A$5037,"<"&$H12))-1 | Q12: =IF(M12=0,"",EXP(SUMIFS(Painel_diario!$N$2:$N$5037,Painel_diario!$A$2:$A$5037,">="&$F12,Painel_diario!$A$2:$A$5037,"<"&$H12)*252/M12)-1) | R12: =IF(L12=0,"",EXP(SUMIFS(Painel_diario!$P$2:$P$5037,Painel_diario!$A$2:$A$5037,">="&$F12,Painel_diario!$A$2:$A$5037,"<"&$H12)*252/L12)-1) | S12: =IF(L12=0,"",EXP((SUMIFS(Painel_diario!$L$2:$L$5037,Painel_diario!$A$2:$A$5037,">="&$F12,Painel_diario!$A$2:$A$5037,"<"&$H12)-SUMIFS(Painel_diario!$P$2:$P$5037,Painel_diario!$A$2:$A$5037,">="&$F12,Painel_diario!$A$2:$A$5037,"<"&$H12))*252/L12)-1) | T12: =IF(L12=0,"",EXP(SUMIFS(Painel_diario!$Q$2:$Q$5037,Painel_diario!$A$2:$A$5037,">="&$F12,Painel_diario!$A$2:$A$5037,"<"&$H12)*252/L12)-1) | U12: =(INDEX(Painel_diario!$S$2:$S$5037,MATCH($I12,Painel_diario!$A$2:$A$5037,0))-INDEX(Painel_diario!$S$2:$S$5037,MATCH($F12,Painel_diario!$A$2:$A$5037,0)))*100
A13: 9 | B13: EU_JD | C13: Earnings Up / Juros Down | D13: Up | E13: Down | F13: 40057 | G13: 40091 | H13: 40091 | I13: 40088 | J13: =G13-F13 | K13: =COUNTIFS(Painel_diario!$A$2:$A$5037,">="&$F13,Painel_diario!$A$2:$A$5037,"<"&$H13) | L13: =COUNTIFS(Painel_diario!$A$2:$A$5037,">="&$F13,Painel_diario!$A$2:$A$5037,"<"&$H13,Painel_diario!$J$2:$J$5037,1) | M13: =COUNTIFS(Painel_diario!$A$2:$A$5037,">="&$F13,Painel_diario!$A$2:$A$5037,"<"&$H13,Painel_diario!$K$2:$K$5037,1) | N13: =EXP(SUMIFS(Painel_diario!$L$2:$L$5037,Painel_diario!$A$2:$A$5037,">="&$F13,Painel_diario!$A$2:$A$5037,"<"&$H13))-1 | O13: =IF(L13=0,"",EXP(SUMIFS(Painel_diario!$L$2:$L$5037,Painel_diario!$A$2:$A$5037,">="&$F13,Painel_diario!$A$2:$A$5037,"<"&$H13)*252/L13)-1) | P13: =EXP(SUMIFS(Painel_diario!$N$2:$N$5037,Painel_diario!$A$2:$A$5037,">="&$F13,Painel_diario!$A$2:$A$5037,"<"&$H13))-1 | Q13: =IF(M13=0,"",EXP(SUMIFS(Painel_diario!$N$2:$N$5037,Painel_diario!$A$2:$A$5037,">="&$F13,Painel_diario!$A$2:$A$5037,"<"&$H13)*252/M13)-1) | R13: =IF(L13=0,"",EXP(SUMIFS(Painel_diario!$P$2:$P$5037,Painel_diario!$A$2:$A$5037,">="&$F13,Painel_diario!$A$2:$A$5037,"<"&$H13)*252/L13)-1) | S13: =IF(L13=0,"",EXP((SUMIFS(Painel_diario!$L$2:$L$5037,Painel_diario!$A$2:$A$5037,">="&$F13,Painel_diario!$A$2:$A$5037,"<"&$H13)-SUMIFS(Painel_diario!$P$2:$P$5037,Painel_diario!$A$2:$A$5037,">="&$F13,Painel_diario!$A$2:$A$5037,"<"&$H13))*252/L13)-1) | T13: =IF(L13=0,"",EXP(SUMIFS(Painel_diario!$Q$2:$Q$5037,Painel_diario!$A$2:$A$5037,">="&$F13,Painel_diario!$A$2:$A$5037,"<"&$H13)*252/L13)-1) | U13: =(INDEX(Painel_diario!$S$2:$S$5037,MATCH($I13,Painel_diario!$A$2:$A$5037,0))-INDEX(Painel_diario!$S$2:$S$5037,MATCH($F13,Painel_diario!$A$2:$A$5037,0)))*100
A14: 10 | B14: EU_JU | C14: Earnings Up / Juros Up | D14: Up | E14: Up | F14: 40091 | G14: 40513 | H14: 40513 | I14: 40512 | J14: =G14-F14 | K14: =COUNTIFS(Painel_diario!$A$2:$A$5037,">="&$F14,Painel_diario!$A$2:$A$5037,"<"&$H14) | L14: =COUNTIFS(Painel_diario!$A$2:$A$5037,">="&$F14,Painel_diario!$A$2:$A$5037,"<"&$H14,Painel_diario!$J$2:$J$5037,1) | M14: =COUNTIFS(Painel_diario!$A$2:$A$5037,">="&$F14,Painel_diario!$A$2:$A$5037,"<"&$H14,Painel_diario!$K$2:$K$5037,1) | N14: =EXP(SUMIFS(Painel_diario!$L$2:$L$5037,Painel_diario!$A$2:$A$5037,">="&$F14,Painel_diario!$A$2:$A$5037,"<"&$H14))-1 | O14: =IF(L14=0,"",EXP(SUMIFS(Painel_diario!$L$2:$L$5037,Painel_diario!$A$2:$A$5037,">="&$F14,Painel_diario!$A$2:$A$5037,"<"&$H14)*252/L14)-1) | P14: =EXP(SUMIFS(Painel_diario!$N$2:$N$5037,Painel_diario!$A$2:$A$5037,">="&$F14,Painel_diario!$A$2:$A$5037,"<"&$H14))-1 | Q14: =IF(M14=0,"",EXP(SUMIFS(Painel_diario!$N$2:$N$5037,Painel_diario!$A$2:$A$5037,">="&$F14,Painel_diario!$A$2:$A$5037,"<"&$H14)*252/M14)-1) | R14: =IF(L14=0,"",EXP(SUMIFS(Painel_diario!$P$2:$P$5037,Painel_diario!$A$2:$A$5037,">="&$F14,Painel_diario!$A$2:$A$5037,"<"&$H14)*252/L14)-1) | S14: =IF(L14=0,"",EXP((SUMIFS(Painel_diario!$L$2:$L$5037,Painel_diario!$A$2:$A$5037,">="&$F14,Painel_diario!$A$2:$A$5037,"<"&$H14)-SUMIFS(Painel_diario!$P$2:$P$5037,Painel_diario!$A$2:$A$5037,">="&$F14,Painel_diario!$A$2:$A$5037,"<"&$H14))*252/L14)-1) | T14: =IF(L14=0,"",EXP(SUMIFS(Painel_diario!$Q$2:$Q$5037,Painel_diario!$A$2:$A$5037,">="&$F14,Painel_diario!$A$2:$A$5037,"<"&$H14)*252/L14)-1) | U14: =(INDEX(Painel_diario!$S$2:$S$5037,MATCH($I14,Painel_diario!$A$2:$A$5037,0))-INDEX(Painel_diario!$S$2:$S$5037,MATCH($F14,Painel_diario!$A$2:$A$5037,0)))*100
A15: 11 | B15: ED_JU | C15: Earnings Down / Juros Up | D15: Down | E15: Up | F15: 40513 | G15: 40575 | H15: 40575 | I15: 40574 | J15: =G15-F15 | K15: =COUNTIFS(Painel_diario!$A$2:$A$5037,">="&$F15,Painel_diario!$A$2:$A$5037,"<"&$H15) | L15: =COUNTIFS(Painel_diario!$A$2:$A$5037,">="&$F15,Painel_diario!$A$2:$A$5037,"<"&$H15,Painel_diario!$J$2:$J$5037,1) | M15: =COUNTIFS(Painel_diario!$A$2:$A$5037,">="&$F15,Painel_diario!$A$2:$A$5037,"<"&$H15,Painel_diario!$K$2:$K$5037,1) | N15: =EXP(SUMIFS(Painel_diario!$L$2:$L$5037,Painel_diario!$A$2:$A$5037,">="&$F15,Painel_diario!$A$2:$A$5037,"<"&$H15))-1 | O15: =IF(L15=0,"",EXP(SUMIFS(Painel_diario!$L$2:$L$5037,Painel_diario!$A$2:$A$5037,">="&$F15,Painel_diario!$A$2:$A$5037,"<"&$H15)*252/L15)-1) | P15: =EXP(SUMIFS(Painel_diario!$N$2:$N$5037,Painel_diario!$A$2:$A$5037,">="&$F15,Painel_diario!$A$2:$A$5037,"<"&$H15))-1 | Q15: =IF(M15=0,"",EXP(SUMIFS(Painel_diario!$N$2:$N$5037,Painel_diario!$A$2:$A$5037,">="&$F15,Painel_diario!$A$2:$A$5037,"<"&$H15)*252/M15)-1) | R15: =IF(L15=0,"",EXP(SUMIFS(Painel_diario!$P$2:$P$5037,Painel_diario!$A$2:$A$5037,">="&$F15,Painel_diario!$A$2:$A$5037,"<"&$H15)*252/L15)-1) | S15: =IF(L15=0,"",EXP((SUMIFS(Painel_diario!$L$2:$L$5037,Painel_diario!$A$2:$A$5037,">="&$F15,Painel_diario!$A$2:$A$5037,"<"&$H15)-SUMIFS(Painel_diario!$P$2:$P$5037,Painel_diario!$A$2:$A$5037,">="&$F15,Painel_diario!$A$2:$A$5037,"<"&$H15))*252/L15)-1) | T15: =IF(L15=0,"",EXP(SUMIFS(Painel_diario!$Q$2:$Q$5037,Painel_diario!$A$2:$A$5037,">="&$F15,Painel_diario!$A$2:$A$5037,"<"&$H15)*252/L15)-1) | U15: =(INDEX(Painel_diario!$S$2:$S$5037,MATCH($I15,Painel_diario!$A$2:$A$5037,0))-INDEX(Painel_diario!$S$2:$S$5037,MATCH($F15,Painel_diario!$A$2:$A$5037,0)))*100
A16: 12 | B16: EU_JU | C16: Earnings Up / Juros Up | D16: Up | E16: Up | F16: 40575 | G16: 40756 | H16: 40756 | I16: 40753 | J16: =G16-F16 | K16: =COUNTIFS(Painel_diario!$A$2:$A$5037,">="&$F16,Painel_diario!$A$2:$A$5037,"<"&$H16) | L16: =COUNTIFS(Painel_diario!$A$2:$A$5037,">="&$F16,Painel_diario!$A$2:$A$5037,"<"&$H16,Painel_diario!$J$2:$J$5037,1) | M16: =COUNTIFS(Painel_diario!$A$2:$A$5037,">="&$F16,Painel_diario!$A$2:$A$5037,"<"&$H16,Painel_diario!$K$2:$K$5037,1) | N16: =EXP(SUMIFS(Painel_diario!$L$2:$L$5037,Painel_diario!$A$2:$A$5037,">="&$F16,Painel_diario!$A$2:$A$5037,"<"&$H16))-1 | O16: =IF(L16=0,"",EXP(SUMIFS(Painel_diario!$L$2:$L$5037,Painel_diario!$A$2:$A$5037,">="&$F16,Painel_diario!$A$2:$A$5037,"<"&$H16)*252/L16)-1) | P16: =EXP(SUMIFS(Painel_diario!$N$2:$N$5037,Painel_diario!$A$2:$A$5037,">="&$F16,Painel_diario!$A$2:$A$5037,"<"&$H16))-1 | Q16: =IF(M16=0,"",EXP(SUMIFS(Painel_diario!$N$2:$N$5037,Painel_diario!$A$2:$A$5037,">="&$F16,Painel_diario!$A$2:$A$5037,"<"&$H16)*252/M16)-1) | R16: =IF(L16=0,"",EXP(SUMIFS(Painel_diario!$P$2:$P$5037,Painel_diario!$A$2:$A$5037,">="&$F16,Painel_diario!$A$2:$A$5037,"<"&$H16)*252/L16)-1) | S16: =IF(L16=0,"",EXP((SUMIFS(Painel_diario!$L$2:$L$5037,Painel_diario!$A$2:$A$5037,">="&$F16,Painel_diario!$A$2:$A$5037,"<"&$H16)-SUMIFS(Painel_diario!$P$2:$P$5037,Painel_diario!$A$2:$A$5037,">="&$F16,Painel_diario!$A$2:$A$5037,"<"&$H16))*252/L16)-1) | T16: =IF(L16=0,"",EXP(SUMIFS(Painel_diario!$Q$2:$Q$5037,Painel_diario!$A$2:$A$5037,">="&$F16,Painel_diario!$A$2:$A$5037,"<"&$H16)*252/L16)-1) | U16: =(INDEX(Painel_diario!$S$2:$S$5037,MATCH($I16,Painel_diario!$A$2:$A$5037,0))-INDEX(Painel_diario!$S$2:$S$5037,MATCH($F16,Painel_diario!$A$2:$A$5037,0)))*100
... A44: 40 | B44: ED_JD | C44: Earnings Down / Juros Down | D44: Down | E44: Down | F44: 45839 | G44: 45992 | H44: 45992 | I44: 45989 | J44: =G44-F44 | K44: =COUNTIFS(Painel_diario!$A$2:$A$5037,">="&$F44,Painel_diario!$A$2:$A$5037,"<"&$H44) | L44: =COUNTIFS(Painel_diario!$A$2:$A$5037,">="&$F44,Painel_diario!$A$2:$A$5037,"<"&$H44,Painel_diario!$J$2:$J$5037,1) | M44: =COUNTIFS(Painel_diario!$A$2:$A$5037,">="&$F44,Painel_diario!$A$2:$A$5037,"<"&$H44,Painel_diario!$K$2:$K$5037,1) | N44: =EXP(SUMIFS(Painel_diario!$L$2:$L$5037,Painel_diario!$A$2:$A$5037,">="&$F44,Painel_diario!$A$2:$A$5037,"<"&$H44))-1 | O44: =IF(L44=0,"",EXP(SUMIFS(Painel_diario!$L$2:$L$5037,Painel_diario!$A$2:$A$5037,">="&$F44,Painel_diario!$A$2:$A$5037,"<"&$H44)*252/L44)-1) | P44: =EXP(SUMIFS(Painel_diario!$N$2:$N$5037,Painel_diario!$A$2:$A$5037,">="&$F44,Painel_diario!$A$2:$A$5037,"<"&$H44))-1 | Q44: =IF(M44=0,"",EXP(SUMIFS(Painel_diario!$N$2:$N$5037,Painel_diario!$A$2:$A$5037,">="&$F44,Painel_diario!$A$2:$A$5037,"<"&$H44)*252/M44)-1) | R44: =IF(L44=0,"",EXP(SUMIFS(Painel_diario!$P$2:$P$5037,Painel_diario!$A$2:$A$5037,">="&$F44,Painel_diario!$A$2:$A$5037,"<"&$H44)*252/L44)-1) | S44: =IF(L44=0,"",EXP((SUMIFS(Painel_diario!$L$2:$L$5037,Painel_diario!$A$2:$A$5037,">="&$F44,Painel_diario!$A$2:$A$5037,"<"&$H44)-SUMIFS(Painel_diario!$P$2:$P$5037,Painel_diario!$A$2:$A$5037,">="&$F44,Painel_diario!$A$2:$A$5037,"<"&$H44))*252/L44)-1) | T44: =IF(L44=0,"",EXP(SUMIFS(Painel_diario!$Q$2:$Q$5037,Painel_diario!$A$2:$A$5037,">="&$F44,Painel_diario!$A$2:$A$5037,"<"&$H44)*252/L44)-1) | U44: =(INDEX(Painel_diario!$S$2:$S$5037,MATCH($I44,Painel_diario!$A$2:$A$5037,0))-INDEX(Painel_diario!$S$2:$S$5037,MATCH($F44,Painel_diario!$A$2:$A$5037,0)))*100
A45: 41 | B45: EU_JD | C45: Earnings Up / Juros Down | D45: Up | E45: Down | F45: 45992 | G45: 46246 | H45: 46247 | I45: 46246 | J45: =G45-F45 | K45: =COUNTIFS(Painel_diario!$A$2:$A$5037,">="&$F45,Painel_diario!$A$2:$A$5037,"<"&$H45) | L45: =COUNTIFS(Painel_diario!$A$2:$A$5037,">="&$F45,Painel_diario!$A$2:$A$5037,"<"&$H45,Painel_diario!$J$2:$J$5037,1) | M45: =COUNTIFS(Painel_diario!$A$2:$A$5037,">="&$F45,Painel_diario!$A$2:$A$5037,"<"&$H45,Painel_diario!$K$2:$K$5037,1) | N45: =EXP(SUMIFS(Painel_diario!$L$2:$L$5037,Painel_diario!$A$2:$A$5037,">="&$F45,Painel_diario!$A$2:$A$5037,"<"&$H45))-1 | O45: =IF(L45=0,"",EXP(SUMIFS(Painel_diario!$L$2:$L$5037,Painel_diario!$A$2:$A$5037,">="&$F45,Painel_diario!$A$2:$A$5037,"<"&$H45)*252/L45)-1) | P45: =EXP(SUMIFS(Painel_diario!$N$2:$N$5037,Painel_diario!$A$2:$A$5037,">="&$F45,Painel_diario!$A$2:$A$5037,"<"&$H45))-1 | Q45: =IF(M45=0,"",EXP(SUMIFS(Painel_diario!$N$2:$N$5037,Painel_diario!$A$2:$A$5037,">="&$F45,Painel_diario!$A$2:$A$5037,"<"&$H45)*252/M45)-1) | R45: =IF(L45=0,"",EXP(SUMIFS(Painel_diario!$P$2:$P$5037,Painel_diario!$A$2:$A$5037,">="&$F45,Painel_diario!$A$2:$A$5037,"<"&$H45)*252/L45)-1) | S45: =IF(L45=0,"",EXP((SUMIFS(Painel_diario!$L$2:$L$5037,Painel_diario!$A$2:$A$5037,">="&$F45,Painel_diario!$A$2:$A$5037,"<"&$H45)-SUMIFS(Painel_diario!$P$2:$P$5037,Painel_diario!$A$2:$A$5037,">="&$F45,Painel_diario!$A$2:$A$5037,"<"&$H45))*252/L45)-1) | T45: =IF(L45=0,"",EXP(SUMIFS(Painel_diario!$Q$2:$Q$5037,Painel_diario!$A$2:$A$5037,">="&$F45,Painel_diario!$A$2:$A$5037,"<"&$H45)*252/L45)-1) | U45: =(INDEX(Painel_diario!$S$2:$S$5037,MATCH($I45,Painel_diario!$A$2:$A$5037,0))-INDEX(Painel_diario!$S$2:$S$5037,MATCH($F45,Painel_diario!$A$2:$A$5037,0)))*100 | V45: Sim
A47: Retorno anualizado usa capitalizacao log com 252 pregoes. O real desconta o IPCA do mes alocado por intervalo. USDBRL positivo = real se desvalorizando.
A48: Swap 360d (bps) = variacao do nivel da taxa entre o primeiro e o ultimo pregao do episodio.
A49: O episodio corrente termina em 12/08/2026 e nao tem IPCA de agosto, por isso os intervalos com IPCA sao menores que os intervalos totais.

Sheet Ep_por_quadrante
A1: Episodios por quadrante
A2: Mesmo formato das tabelas do report da XP: primeiro sinal, fim e duracao, com o desempenho do Ibovespa em cada janela.
A4: Earnings Up / Juros Down
A5: Primeiro sinal | B5: Fim | C5: Duracao (dias) | D5: Ibov total nominal | E5: Ibov anual real | F5: Ibov anual sobre CDI
A6: =Episodios!F5 | B6: =IF(Episodios!V5="Sim","Atual",Episodios!G5) | C6: =Episodios!J5 | D6: =Episodios!N5 | E6: =Episodios!Q5 | F6: =Episodios!S5
A7: =Episodios!F7 | B7: =IF(Episodios!V7="Sim","Atual",Episodios!G7) | C7: =Episodios!J7 | D7: =Episodios!N7 | E7: =Episodios!Q7 | F7: =Episodios!S7
A8: =Episodios!F11 | B8: =IF(Episodios!V11="Sim","Atual",Episodios!G11) | C8: =Episodios!J11 | D8: =Episodios!N11 | E8: =Episodios!Q11 | F8: =Episodios!S11
A9: =Episodios!F13 | B9: =IF(Episodios!V13="Sim","Atual",Episodios!G13) | C9: =Episodios!J13 | D9: =Episodios!N13 | E9: =Episodios!Q13 | F9: =Episodios!S13
A10: =Episodios!F25 | B10: =IF(Episodios!V25="Sim","Atual",Episodios!G25) | C10: =Episodios!J25 | D10: =Episodios!N25 | E10: =Episodios!Q25 | F10: =Episodios!S25
A11: =Episodios!F27 | B11: =IF(Episodios!V27="Sim","Atual",Episodios!G27) | C11: =Episodios!J27 | D11: =Episodios!N27 | E11: =Episodios!Q27 | F11: =Episodios!S27
A12: =Episodios!F29 | B12: =IF(Episodios!V29="Sim","Atual",Episodios!G29) | C12: =Episodios!J29 | D12: =Episodios!N29 | E12: =Episodios!Q29 | F12: =Episodios!S29
A13: =Episodios!F31 | B13: =IF(Episodios!V31="Sim","Atual",Episodios!G31) | C13: =Episodios!J31 | D13: =Episodios!N31 | E13: =Episodios!Q31 | F13: =Episodios!S31
A14: =Episodios!F37 | B14: =IF(Episodios!V37="Sim","Atual",Episodios!G37) | C14: =Episodios!J37 | D14: =Episodios!N37 | E14: =Episodios!Q37 | F14: =Episodios!S37
A15: =Episodios!F39 | B15: =IF(Episodios!V39="Sim","Atual",Episodios!G39) | C15: =Episodios!J39 | D15: =Episodios!N39 | E15: =Episodios!Q39 | F15: =Episodios!S39
A16: =Episodios!F43 | B16: =IF(Episodios!V43="Sim","Atual",Episodios!G43) | C16: =Episodios!J43 | D16: =Episodios!N43 | E16: =Episodios!Q43 | F16: =Episodios!S43
A17: =Episodios!F45 | B17: =IF(Episodios!V45="Sim","Atual",Episodios!G45) | C17: =Episodios!J45 | D17: =Episodios!N45 | E17: =Episodios!Q45 | F17: =Episodios!S45
A18: Mediana | C18: =MEDIAN(C6:C17) | E18: =MEDIAN(E6:E17)
A19: Media ponderada por dias | E19: =Resumo_regimes!I5 | F19: =Resumo_regimes!J5
A20: Taxa de acerto (episodios com retorno real positivo) | E20: =Resumo_regimes!M5
A23: Earnings Up / Juros Up
A24: Primeiro sinal | B24: Fim | C24: Duracao (dias) | D24: Ibov total nominal | E24: Ibov anual real | F24: Ibov anual sobre CDI
A25: =Episodios!F8 | B25: =IF(Episodios!V8="Sim","Atual",Episodios!G8) | C25: =Episodios!J8 | D25: =Episodios!N8 | E25: =Episodios!Q8 | F25: =Episodios!S8
A26: =Episodios!F10 | B26: =IF(Episodios!V10="Sim","Atual",Episodios!G10) | C26: =Episodios!J10 | D26: =Episodios!N10 | E26: =Episodios!Q10 | F26: =Episodios!S10
A27: =Episodios!F14 | B27: =IF(Episodios!V14="Sim","Atual",Episodios!G14) | C27: =Episodios!J14 | D27: =Episodios!N14 | E27: =Episodios!Q14 | F27: =Episodios!S14
A28: =Episodios!F16 | B28: =IF(Episodios!V16="Sim","Atual",Episodios!G16) | C28: =Episodios!J16 | D28: =Episodios!N16 | E28: =Episodios!Q16 | F28: =Episodios!S16
A29: =Episodios!F20 | B29: =IF(Episodios!V20="Sim","Atual",Episodios!G20) | C29: =Episodios!J20 | D29: =Episodios!N20 | E29: =Episodios!Q20 | F29: =Episodios!S20
A30: =Episodios!F22 | B30: =IF(Episodios!V22="Sim","Atual",Episodios!G22) | C30: =Episodios!J22 | D30: =Episodios!N22 | E30: =Episodios!Q22 | F30: =Episodios!S22
A31: =Episodios!F28 | B31: =IF(Episodios!V28="Sim","Atual",Episodios!G28) | C31: =Episodios!J28 | D31: =Episodios!N28 | E31: =Episodios!Q28 | F31: =Episodios!S28
A32: =Episodios!F32 | B32: =IF(Episodios!V32="Sim","Atual",Episodios!G32) | C32: =Episodios!J32 | D32: =Episodios!N32 | E32: =Episodios!Q32 | F32: =Episodios!S32
A33: =Episodios!F34 | B33: =IF(Episodios!V34="Sim","Atual",Episodios!G34) | C33: =Episodios!J34 | D33: =Episodios!N34 | E33: =Episodios!Q34 | F33: =Episodios!S34
A34: =Episodios!F40 | B34: =IF(Episodios!V40="Sim","Atual",Episodios!G40) | C34: =Episodios!J40 | D34: =Episodios!N40 | E34: =Episodios!Q40 | F34: =Episodios!S40
A35: =Episodios!F42 | B35: =IF(Episodios!V42="Sim","Atual",Episodios!G42) | C35: =Episodios!J42 | D35: =Episodios!N42 | E35: =Episodios!Q42 | F35: =Episodios!S42
A36: Mediana | C36: =MEDIAN(C25:C35) | E36: =MEDIAN(E25:E35)
A37: Media ponderada por dias | E37: =Resumo_regimes!I6 | F37: =Resumo_regimes!J6
A38: Taxa de acerto (episodios com retorno real positivo) | E38: =Resumo_regimes!M6
A41: Earnings Down / Juros Down
A42: Primeiro sinal | B42: Fim | C42: Duracao (dias) | D42: Ibov total nominal | E42: Ibov anual real | F42: Ibov anual sobre CDI
A43: =Episodios!F6 | B43: =IF(Episodios!V6="Sim","Atual",Episodios!G6) | C43: =Episodios!J6 | D43: =Episodios!N6 | E43: =Episodios!Q6 | F43: =Episodios!S6
A44: =Episodios!F12 | B44: =IF(Episodios!V12="Sim","Atual",Episodios!G12) | C44: =Episodios!J12 | D44: =Episodios!N12 | E44: =Episodios!Q12 | F44: =Episodios!S12
A45: =Episodios!F18 | B45: =IF(Episodios!V18="Sim","Atual",Episodios!G18) | C45: =Episodios!J18 | D45: =Episodios!N18 | E45: =Episodios!Q18 | F45: =Episodios!S18
A46: =Episodios!F24 | B46: =IF(Episodios!V24="Sim","Atual",Episodios!G24) | C46: =Episodios!J24 | D46: =Episodios!N24 | E46: =Episodios!Q24 | F46: =Episodios!S24
A47: =Episodios!F26 | B47: =IF(Episodios!V26="Sim","Atual",Episodios!G26) | C47: =Episodios!J26 | D47: =Episodios!N26 | E47: =Episodios!Q26 | F47: =Episodios!S26
A48: =Episodios!F30 | B48: =IF(Episodios!V30="Sim","Atual",Episodios!G30) | C48: =Episodios!J30 | D48: =Episodios!N30 | E48: =Episodios!Q30 | F48: =Episodios!S30
A49: =Episodios!F36 | B49: =IF(Episodios!V36="Sim","Atual",Episodios!G36) | C49: =Episodios!J36 | D49: =Episodios!N36 | E49: =Episodios!Q36 | F49: =Episodios!S36
A50: =Episodios!F38 | B50: =IF(Episodios!V38="Sim","Atual",Episodios!G38) | C50: =Episodios!J38 | D50: =Episodios!N38 | E50: =Episodios!Q38 | F50: =Episodios!S38
A51: =Episodios!F44 | B51: =IF(Episodios!V44="Sim","Atual",Episodios!G44) | C51: =Episodios!J44 | D51: =Episodios!N44 | E51: =Episodios!Q44 | F51: =Episodios!S44
A52: Mediana | C52: =MEDIAN(C43:C51) | E52: =MEDIAN(E43:E51)
A53: Media ponderada por dias | E53: =Resumo_regimes!I7 | F53: =Resumo_regimes!J7
A54: Taxa de acerto (episodios com retorno real positivo) | E54: =Resumo_regimes!M7
A57: Earnings Down / Juros Up
A58: Primeiro sinal | B58: Fim | C58: Duracao (dias) | D58: Ibov total nominal | E58: Ibov anual real | F58: Ibov anual sobre CDI
A59: =Episodios!F9 | B59: =IF(Episodios!V9="Sim","Atual",Episodios!G9) | C59: =Episodios!J9 | D59: =Episodios!N9 | E59: =Episodios!Q9 | F59: =Episodios!S9
A60: =Episodios!F15 | B60: =IF(Episodios!V15="Sim","Atual",Episodios!G15) | C60: =Episodios!J15 | D60: =Episodios!N15 | E60: =Episodios!Q15 | F60: =Episodios!S15
A61: =Episodios!F17 | B61: =IF(Episodios!V17="Sim","Atual",Episodios!G17) | C61: =Episodios!J17 | D61: =Episodios!N17 | E61: =Episodios!Q17 | F61: =Episodios!S17
A62: =Episodios!F19 | B62: =IF(Episodios!V19="Sim","Atual",Episodios!G19) | C62: =Episodios!J19 | D62: =Episodios!N19 | E62: =Episodios!Q19 | F62: =Episodios!S19
A63: =Episodios!F21 | B63: =IF(Episodios!V21="Sim","Atual",Episodios!G21) | C63: =Episodios!J21 | D63: =Episodios!N21 | E63: =Episodios!Q21 | F63: =Episodios!S21
A64: =Episodios!F23 | B64: =IF(Episodios!V23="Sim","Atual",Episodios!G23) | C64: =Episodios!J23 | D64: =Episodios!N23 | E64: =Episodios!Q23 | F64: =Episodios!S23
A65: =Episodios!F33 | B65: =IF(Episodios!V33="Sim","Atual",Episodios!G33) | C65: =Episodios!J33 | D65: =Episodios!N33 | E65: =Episodios!Q33 | F65: =Episodios!S33
A66: =Episodios!F35 | B66: =IF(Episodios!V35="Sim","Atual",Episodios!G35) | C66: =Episodios!J35 | D66: =Episodios!N35 | E66: =Episodios!Q35 | F66: =Episodios!S35
A67: =Episodios!F41 | B67: =IF(Episodios!V41="Sim","Atual",Episodios!G41) | C67: =Episodios!J41 | D67: =Episodios!N41 | E67: =Episodios!Q41 | F67: =Episodios!S41
A68: Mediana | C68: =MEDIAN(C59:C67) | E68: =MEDIAN(E59:E67)
A69: Media ponderada por dias | E69: =Resumo_regimes!I8 | F69: =Resumo_regimes!J8
A70: Taxa de acerto (episodios com retorno real positivo) | E70: =Resumo_regimes!M8

Sheet Classes_ativos
A1: Desempenho de classes de ativos em cada episodio
A2: Formato da tabela do report da XP. Nao ha SMLL, IMA-B nem cestas de fatores nos dados do projeto, entao as linhas disponiveis sao Ibovespa, CDI, USDBRL e o nivel do swap.
A4: Earnings Up / Juros Down
A5: Inicio | B5: =Episodios!F5 | C5: =Episodios!F7 | D5: =Episodios!F11 | E5: =Episodios!F13 | F5: =Episodios!F25 | G5: =Episodios!F27 | H5: =Episodios!F29 | I5: =Episodios!F31 | J5: =Episodios!F37 | K5: =Episodios!F39 | L5: =Episodios!F43 | M5: =Episodios!F45 | N5: Media ponderada | O5: Taxa de acerto
A6: Fim | B6: =IF(Episodios!V5="Sim","Atual",Episodios!G5) | C6: =IF(Episodios!V7="Sim","Atual",Episodios!G7) | D6: =IF(Episodios!V11="Sim","Atual",Episodios!G11) | E6: =IF(Episodios!V13="Sim","Atual",Episodios!G13) | F6: =IF(Episodios!V25="Sim","Atual",Episodios!G25) | G6: =IF(Episodios!V27="Sim","Atual",Episodios!G27) | H6: =IF(Episodios!V29="Sim","Atual",Episodios!G29) | I6: =IF(Episodios!V31="Sim","Atual",Episodios!G31) | J6: =IF(Episodios!V37="Sim","Atual",Episodios!G37) | K6: =IF(Episodios!V39="Sim","Atual",Episodios!G39) | L6: =IF(Episodios!V43="Sim","Atual",Episodios!G43) | M6: =IF(Episodios!V45="Sim","Atual",Episodios!G45)
A7: Duracao (dias) | B7: =Episodios!J5 | C7: =Episodios!J7 | D7: =Episodios!J11 | E7: =Episodios!J13 | F7: =Episodios!J25 | G7: =Episodios!J27 | H7: =Episodios!J29 | I7: =Episodios!J31 | J7: =Episodios!J37 | K7: =Episodios!J39 | L7: =Episodios!J43 | M7: =Episodios!J45
A8: Ibovespa nominal anualizado | B8: =Episodios!O5 | C8: =Episodios!O7 | D8: =Episodios!O11 | E8: =Episodios!O13 | F8: =Episodios!O25 | G8: =Episodios!O27 | H8: =Episodios!O29 | I8: =Episodios!O31 | J8: =Episodios!O37 | K8: =Episodios!O39 | L8: =Episodios!O43 | M8: =Episodios!O45 | N8: =Resumo_regimes!H5 | O8: =COUNTIF(B8:M8,">0")/COUNT(B8:M8)
A9: Ibovespa real anualizado | B9: =Episodios!Q5 | C9: =Episodios!Q7 | D9: =Episodios!Q11 | E9: =Episodios!Q13 | F9: =Episodios!Q25 | G9: =Episodios!Q27 | H9: =Episodios!Q29 | I9: =Episodios!Q31 | J9: =Episodios!Q37 | K9: =Episodios!Q39 | L9: =Episodios!Q43 | M9: =Episodios!Q45 | N9: =Resumo_regimes!I5 | O9: =COUNTIF(B9:M9,">0")/COUNT(B9:M9)
A10: Ibovespa sobre o CDI, anualizado | B10: =Episodios!S5 | C10: =Episodios!S7 | D10: =Episodios!S11 | E10: =Episodios!S13 | F10: =Episodios!S25 | G10: =Episodios!S27 | H10: =Episodios!S29 | I10: =Episodios!S31 | J10: =Episodios!S37 | K10: =Episodios!S39 | L10: =Episodios!S43 | M10: =Episodios!S45 | N10: =Resumo_regimes!J5 | O10: =COUNTIF(B10:M10,">0")/COUNT(B10:M10)
A11: CDI anualizado | B11: =Episodios!R5 | C11: =Episodios!R7 | D11: =Episodios!R11 | E11: =Episodios!R13 | F11: =Episodios!R25 | G11: =Episodios!R27 | H11: =Episodios!R29 | I11: =Episodios!R31 | J11: =Episodios!R37 | K11: =Episodios!R39 | L11: =Episodios!R43 | M11: =Episodios!R45 | N11: =SUMPRODUCT(B11:M11,$B$7:$M$7)/SUM($B$7:$M$7) | O11: =COUNTIF(B11:M11,">0")/COUNT(B11:M11)
A12: USDBRL anualizado | B12: =Episodios!T5 | C12: =Episodios!T7 | D12: =Episodios!T11 | E12: =Episodios!T13 | F12: =Episodios!T25 | G12: =Episodios!T27 | H12: =Episodios!T29 | I12: =Episodios!T31 | J12: =Episodios!T37 | K12: =Episodios!T39 | L12: =Episodios!T43 | M12: =Episodios!T45 | N12: =SUMPRODUCT(B12:M12,$B$7:$M$7)/SUM($B$7:$M$7) | O12: =COUNTIF(B12:M12,">0")/COUNT(B12:M12)
A13: Swap 360d, variacao (bps) | B13: =Episodios!U5 | C13: =Episodios!U7 | D13: =Episodios!U11 | E13: =Episodios!U13 | F13: =Episodios!U25 | G13: =Episodios!U27 | H13: =Episodios!U29 | I13: =Episodios!U31 | J13: =Episodios!U37 | K13: =Episodios!U39 | L13: =Episodios!U43 | M13: =Episodios!U45 | N13: =SUMPRODUCT(B13:M13,$B$7:$M$7)/SUM($B$7:$M$7) | O13: =COUNTIF(B13:M13,">0")/COUNT(B13:M13)
A17: Earnings Up / Juros Up
A18: Inicio | B18: =Episodios!F8 | C18: =Episodios!F10 | D18: =Episodios!F14 | E18: =Episodios!F16 | F18: =Episodios!F20 | G18: =Episodios!F22 | H18: =Episodios!F28 | I18: =Episodios!F32 | J18: =Episodios!F34 | K18: =Episodios!F40 | L18: =Episodios!F42 | M18: Media ponderada | N18: Taxa de acerto
A19: Fim | B19: =IF(Episodios!V8="Sim","Atual",Episodios!G8) | C19: =IF(Episodios!V10="Sim","Atual",Episodios!G10) | D19: =IF(Episodios!V14="Sim","Atual",Episodios!G14) | E19: =IF(Episodios!V16="Sim","Atual",Episodios!G16) | F19: =IF(Episodios!V20="Sim","Atual",Episodios!G20) | G19: =IF(Episodios!V22="Sim","Atual",Episodios!G22) | H19: =IF(Episodios!V28="Sim","Atual",Episodios!G28) | I19: =IF(Episodios!V32="Sim","Atual",Episodios!G32) | J19: =IF(Episodios!V34="Sim","Atual",Episodios!G34) | K19: =IF(Episodios!V40="Sim","Atual",Episodios!G40) | L19: =IF(Episodios!V42="Sim","Atual",Episodios!G42)
A20: Duracao (dias) | B20: =Episodios!J8 | C20: =Episodios!J10 | D20: =Episodios!J14 | E20: =Episodios!J16 | F20: =Episodios!J20 | G20: =Episodios!J22 | H20: =Episodios!J28 | I20: =Episodios!J32 | J20: =Episodios!J34 | K20: =Episodios!J40 | L20: =Episodios!J42
A21: Ibovespa nominal anualizado | B21: =Episodios!O8 | C21: =Episodios!O10 | D21: =Episodios!O14 | E21: =Episodios!O16 | F21: =Episodios!O20 | G21: =Episodios!O22 | H21: =Episodios!O28 | I21: =Episodios!O32 | J21: =Episodios!O34 | K21: =Episodios!O40 | L21: =Episodios!O42 | M21: =Resumo_regimes!H6 | N21: =COUNTIF(B21:L21,">0")/COUNT(B21:L21)
A22: Ibovespa real anualizado | B22: =Episodios!Q8 | C22: =Episodios!Q10 | D22: =Episodios!Q14 | E22: =Episodios!Q16 | F22: =Episodios!Q20 | G22: =Episodios!Q22 | H22: =Episodios!Q28 | I22: =Episodios!Q32 | J22: =Episodios!Q34 | K22: =Episodios!Q40 | L22: =Episodios!Q42 | M22: =Resumo_regimes!I6 | N22: =COUNTIF(B22:L22,">0")/COUNT(B22:L22)
A23: Ibovespa sobre o CDI, anualizado | B23: =Episodios!S8 | C23: =Episodios!S10 | D23: =Episodios!S14 | E23: =Episodios!S16 | F23: =Episodios!S20 | G23: =Episodios!S22 | H23: =Episodios!S28 | I23: =Episodios!S32 | J23: =Episodios!S34 | K23: =Episodios!S40 | L23: =Episodios!S42 | M23: =Resumo_regimes!J6 | N23: =COUNTIF(B23:L23,">0")/COUNT(B23:L23)
A24: CDI anualizado | B24: =Episodios!R8 | C24: =Episodios!R10 | D24: =Episodios!R14 | E24: =Episodios!R16 | F24: =Episodios!R20 | G24: =Episodios!R22 | H24: =Episodios!R28 | I24: =Episodios!R32 | J24: =Episodios!R34 | K24: =Episodios!R40 | L24: =Episodios!R42 | M24: =SUMPRODUCT(B24:L24,$B$20:$L$20)/SUM($B$20:$L$20) | N24: =COUNTIF(B24:L24,">0")/COUNT(B24:L24)
A25: USDBRL anualizado | B25: =Episodios!T8 | C25: =Episodios!T10 | D25: =Episodios!T14 | E25: =Episodios!T16 | F25: =Episodios!T20 | G25: =Episodios!T22 | H25: =Episodios!T28 | I25: =Episodios!T32 | J25: =Episodios!T34 | K25: =Episodios!T40 | L25: =Episodios!T42 | M25: =SUMPRODUCT(B25:L25,$B$20:$L$20)/SUM($B$20:$L$20) | N25: =COUNTIF(B25:L25,">0")/COUNT(B25:L25)
A26: Swap 360d, variacao (bps) | B26: =Episodios!U8 | C26: =Episodios!U10 | D26: =Episodios!U14 | E26: =Episodios!U16 | F26: =Episodios!U20 | G26: =Episodios!U22 | H26: =Episodios!U28 | I26: =Episodios!U32 | J26: =Episodios!U34 | K26: =Episodios!U40 | L26: =Episodios!U42 | M26: =SUMPRODUCT(B26:L26,$B$20:$L$20)/SUM($B$20:$L$20) | N26: =COUNTIF(B26:L26,">0")/COUNT(B26:L26)
A30: Earnings Down / Juros Down
A31: Inicio | B31: =Episodios!F6 | C31: =Episodios!F12 | D31: =Episodios!F18 | E31: =Episodios!F24 | F31: =Episodios!F26 | G31: =Episodios!F30 | H31: =Episodios!F36 | I31: =Episodios!F38 | J31: =Episodios!F44 | K31: Media ponderada | L31: Taxa de acerto
A32: Fim | B32: =IF(Episodios!V6="Sim","Atual",Episodios!G6) | C32: =IF(Episodios!V12="Sim","Atual",Episodios!G12) | D32: =IF(Episodios!V18="Sim","Atual",Episodios!G18) | E32: =IF(Episodios!V24="Sim","Atual",Episodios!G24) | F32: =IF(Episodios!V26="Sim","Atual",Episodios!G26) | G32: =IF(Episodios!V30="Sim","Atual",Episodios!G30) | H32: =IF(Episodios!V36="Sim","Atual",Episodios!G36) | I32: =IF(Episodios!V38="Sim","Atual",Episodios!G38) | J32: =IF(Episodios!V44="Sim","Atual",Episodios!G44)
A33: Duracao (dias) | B33: =Episodios!J6 | C33: =Episodios!J12 | D33: =Episodios!J18 | E33: =Episodios!J24 | F33: =Episodios!J26 | G33: =Episodios!J30 | H33: =Episodios!J36 | I33: =Episodios!J38 | J33: =Episodios!J44
A34: Ibovespa nominal anualizado | B34: =Episodios!O6 | C34: =Episodios!O12 | D34: =Episodios!O18 | E34: =Episodios!O24 | F34: =Episodios!O26 | G34: =Episodios!O30 | H34: =Episodios!O36 | I34: =Episodios!O38 | J34: =Episodios!O44 | K34: =Resumo_regimes!H7 | L34: =COUNTIF(B34:J34,">0")/COUNT(B34:J34)
A35: Ibovespa real anualizado | B35: =Episodios!Q6 | C35: =Episodios!Q12 | D35: =Episodios!Q18 | E35: =Episodios!Q24 | F35: =Episodios!Q26 | G35: =Episodios!Q30 | H35: =Episodios!Q36 | I35: =Episodios!Q38 | J35: =Episodios!Q44 | K35: =Resumo_regimes!I7 | L35: =COUNTIF(B35:J35,">0")/COUNT(B35:J35)
A36: Ibovespa sobre o CDI, anualizado | B36: =Episodios!S6 | C36: =Episodios!S12 | D36: =Episodios!S18 | E36: =Episodios!S24 | F36: =Episodios!S26 | G36: =Episodios!S30 | H36: =Episodios!S36 | I36: =Episodios!S38 | J36: =Episodios!S44 | K36: =Resumo_regimes!J7 | L36: =COUNTIF(B36:J36,">0")/COUNT(B36:J36)
A37: CDI anualizado | B37: =Episodios!R6 | C37: =Episodios!R12 | D37: =Episodios!R18 | E37: =Episodios!R24 | F37: =Episodios!R26 | G37: =Episodios!R30 | H37: =Episodios!R36 | I37: =Episodios!R38 | J37: =Episodios!R44 | K37: =SUMPRODUCT(B37:J37,$B$33:$J$33)/SUM($B$33:$J$33) | L37: =COUNTIF(B37:J37,">0")/COUNT(B37:J37)
A38: USDBRL anualizado | B38: =Episodios!T6 | C38: =Episodios!T12 | D38: =Episodios!T18 | E38: =Episodios!T24 | F38: =Episodios!T26 | G38: =Episodios!T30 | H38: =Episodios!T36 | I38: =Episodios!T38 | J38: =Episodios!T44 | K38: =SUMPRODUCT(B38:J38,$B$33:$J$33)/SUM($B$33:$J$33) | L38: =COUNTIF(B38:J38,">0")/COUNT(B38:J38)
A39: Swap 360d, variacao (bps) | B39: =Episodios!U6 | C39: =Episodios!U12 | D39: =Episodios!U18 | E39: =Episodios!U24 | F39: =Episodios!U26 | G39: =Episodios!U30 | H39: =Episodios!U36 | I39: =Episodios!U38 | J39: =Episodios!U44 | K39: =SUMPRODUCT(B39:J39,$B$33:$J$33)/SUM($B$33:$J$33) | L39: =COUNTIF(B39:J39,">0")/COUNT(B39:J39)
A43: Earnings Down / Juros Up
A44: Inicio | B44: =Episodios!F9 | C44: =Episodios!F15 | D44: =Episodios!F17 | E44: =Episodios!F19 | F44: =Episodios!F21 | G44: =Episodios!F23 | H44: =Episodios!F33 | I44: =Episodios!F35 | J44: =Episodios!F41 | K44: Media ponderada | L44: Taxa de acerto
A45: Fim | B45: =IF(Episodios!V9="Sim","Atual",Episodios!G9) | C45: =IF(Episodios!V15="Sim","Atual",Episodios!G15) | D45: =IF(Episodios!V17="Sim","Atual",Episodios!G17) | E45: =IF(Episodios!V19="Sim","Atual",Episodios!G19) | F45: =IF(Episodios!V21="Sim","Atual",Episodios!G21) | G45: =IF(Episodios!V23="Sim","Atual",Episodios!G23) | H45: =IF(Episodios!V33="Sim","Atual",Episodios!G33) | I45: =IF(Episodios!V35="Sim","Atual",Episodios!G35) | J45: =IF(Episodios!V41="Sim","Atual",Episodios!G41)
A46: Duracao (dias) | B46: =Episodios!J9 | C46: =Episodios!J15 | D46: =Episodios!J17 | E46: =Episodios!J19 | F46: =Episodios!J21 | G46: =Episodios!J23 | H46: =Episodios!J33 | I46: =Episodios!J35 | J46: =Episodios!J41
A47: Ibovespa nominal anualizado | B47: =Episodios!O9 | C47: =Episodios!O15 | D47: =Episodios!O17 | E47: =Episodios!O19 | F47: =Episodios!O21 | G47: =Episodios!O23 | H47: =Episodios!O33 | I47: =Episodios!O35 | J47: =Episodios!O41 | K47: =Resumo_regimes!H8 | L47: =COUNTIF(B47:J47,">0")/COUNT(B47:J47)
A48: Ibovespa real anualizado | B48: =Episodios!Q9 | C48: =Episodios!Q15 | D48: =Episodios!Q17 | E48: =Episodios!Q19 | F48: =Episodios!Q21 | G48: =Episodios!Q23 | H48: =Episodios!Q33 | I48: =Episodios!Q35 | J48: =Episodios!Q41 | K48: =Resumo_regimes!I8 | L48: =COUNTIF(B48:J48,">0")/COUNT(B48:J48)
A49: Ibovespa sobre o CDI, anualizado | B49: =Episodios!S9 | C49: =Episodios!S15 | D49: =Episodios!S17 | E49: =Episodios!S19 | F49: =Episodios!S21 | G49: =Episodios!S23 | H49: =Episodios!S33 | I49: =Episodios!S35 | J49: =Episodios!S41 | K49: =Resumo_regimes!J8 | L49: =COUNTIF(B49:J49,">0")/COUNT(B49:J49)
A50: CDI anualizado | B50: =Episodios!R9 | C50: =Episodios!R15 | D50: =Episodios!R17 | E50: =Episodios!R19 | F50: =Episodios!R21 | G50: =Episodios!R23 | H50: =Episodios!R33 | I50: =Episodios!R35 | J50: =Episodios!R41 | K50: =SUMPRODUCT(B50:J50,$B$46:$J$46)/SUM($B$46:$J$46) | L50: =COUNTIF(B50:J50,">0")/COUNT(B50:J50)
A51: USDBRL anualizado | B51: =Episodios!T9 | C51: =Episodios!T15 | D51: =Episodios!T17 | E51: =Episodios!T19 | F51: =Episodios!T21 | G51: =Episodios!T23 | H51: =Episodios!T33 | I51: =Episodios!T35 | J51: =Episodios!T41 | K51: =SUMPRODUCT(B51:J51,$B$46:$J$46)/SUM($B$46:$J$46) | L51: =COUNTIF(B51:J51,">0")/COUNT(B51:J51)
A52: Swap 360d, variacao (bps) | B52: =Episodios!U9 | C52: =Episodios!U15 | D52: =Episodios!U17 | E52: =Episodios!U19 | F52: =Episodios!U21 | G52: =Episodios!U23 | H52: =Episodios!U33 | I52: =Episodios!U35 | J52: =Episodios!U41 | K52: =SUMPRODUCT(B52:J52,$B$46:$J$46)/SUM($B$46:$J$46) | L52: =COUNTIF(B52:J52,">0")/COUNT(B52:J52)
A56: Media ponderada das linhas do Ibovespa vem do agregado do quadrante em Resumo_regimes; as demais sao media ponderada pela duracao de cada episodio.
A57: CDI reconstruido do BCB SGS 12, diario, de 2006 a 2026. USDBRL do BCB, PTAX diaria. Nao ha dados de SMLL, IMA-B 5, IMA-B 5+, setores ou fatores no projeto.

Sheet Transicoes
A1: Matriz de transicao entre quadrantes
A2: Com que frequencia, historicamente, cada quadrante foi seguido por cada outro. Equivalente ao diagrama de transicao do report da XP.
A4: De \ Para | B4: Earnings Up / Juros Down | C4: Earnings Up / Juros Up | D4: Earnings Down / Juros Down | E4: Earnings Down / Juros Up | F4: Total de transicoes
A5: Earnings Up / Juros Down | B5: 0 | C5: 0.45454545 | D5: 0.54545455 | E5: 0 | F5: 11
A6: Earnings Up / Juros Up | B6: 0.27272727 | C6: 0 | D6: 0 | E6: 0.72727273 | F6: 11
A7: Earnings Down / Juros Down | B7: 0.88888889 | C7: 0 | D7: 0 | E7: 0.11111111 | F7: 9
A8: Earnings Down / Juros Up | B8: 0 | C8: 0.66666667 | D8: 0.33333333 | E8: 0 | F8: 9
A10: Contagens absolutas
A11: De \ Para | B11: Earnings Up / Juros Down | C11: Earnings Up / Juros Up | D11: Earnings Down / Juros Down | E11: Earnings Down / Juros Up | F11: Total
A12: Earnings Up / Juros Down | B12: 0 | C12: 5 | D12: 6 | E12: 0 | F12: =SUM(B12:E12)
A13: Earnings Up / Juros Up | B13: 3 | C13: 0 | D13: 0 | E13: 8 | F13: =SUM(B13:E13)
A14: Earnings Down / Juros Down | B14: 8 | C14: 0 | D14: 0 | E14: 1 | F14: =SUM(B14:E14)
A15: Earnings Down / Juros Up | B15: 0 | C15: 6 | D15: 3 | E15: 0 | F15: =SUM(B15:E15)
A17: Transicoes contadas sobre 41 episodios, portanto 40 transicoes. A diagonal e zero por construcao: um episodio so termina quando o quadrante muda.
A18: Uma mudanca de quadrante pode vir do lado de earnings ou do lado de juros, nunca dos dois no mesmo dia, exceto por coincidencia de datas.

Sheet Acumulado_por_regime
A1: Desempenho acumulado do Ibovespa dentro de cada regime
A2: Cada curva acumula apenas os retornos dos dias pertencentes ao seu quadrante e fica horizontal nos demais dias. Nao representa uma carteira investida continuamente: mostra a contribuicao historica do Ibovespa nos intervalos de cada regime.
A4: Data | B4: Earnings Up / Juros Down | C4: Earnings Up / Juros Up | D4: Earnings Down / Juros Down | E4: Earnings Down / Juros Up
A5: 38810 | B5: 0 | C5: 0 | D5: 0 | E5: 0
A6: 38811 | B6: =(1+B5)*IF(AND(Painel_diario!$H2="EU_JD",Painel_diario!$J2=1),EXP(Painel_diario!$L2),1)-1 | C6: =(1+C5)*IF(AND(Painel_diario!$H2="EU_JU",Painel_diario!$J2=1),EXP(Painel_diario!$L2),1)-1 | D6: =(1+D5)*IF(AND(Painel_diario!$H2="ED_JD",Painel_diario!$J2=1),EXP(Painel_diario!$L2),1)-1 | E6: =(1+E5)*IF(AND(Painel_diario!$H2="ED_JU",Painel_diario!$J2=1),EXP(Painel_diario!$L2),1)-1
A7: 38812 | B7: =(1+B6)*IF(AND(Painel_diario!$H3="EU_JD",Painel_diario!$J3=1),EXP(Painel_diario!$L3),1)-1 | C7: =(1+C6)*IF(AND(Painel_diario!$H3="EU_JU",Painel_diario!$J3=1),EXP(Painel_diario!$L3),1)-1 | D7: =(1+D6)*IF(AND(Painel_diario!$H3="ED_JD",Painel_diario!$J3=1),EXP(Painel_diario!$L3),1)-1 | E7: =(1+E6)*IF(AND(Painel_diario!$H3="ED_JU",Painel_diario!$J3=1),EXP(Painel_diario!$L3),1)-1
A8: 38813 | B8: =(1+B7)*IF(AND(Painel_diario!$H4="EU_JD",Painel_diario!$J4=1),EXP(Painel_diario!$L4),1)-1 | C8: =(1+C7)*IF(AND(Painel_diario!$H4="EU_JU",Painel_diario!$J4=1),EXP(Painel_diario!$L4),1)-1 | D8: =(1+D7)*IF(AND(Painel_diario!$H4="ED_JD",Painel_diario!$J4=1),EXP(Painel_diario!$L4),1)-1 | E8: =(1+E7)*IF(AND(Painel_diario!$H4="ED_JU",Painel_diario!$J4=1),EXP(Painel_diario!$L4),1)-1
A9: 38814 | B9: =(1+B8)*IF(AND(Painel_diario!$H5="EU_JD",Painel_diario!$J5=1),EXP(Painel_diario!$L5),1)-1 | C9: =(1+C8)*IF(AND(Painel_diario!$H5="EU_JU",Painel_diario!$J5=1),EXP(Painel_diario!$L5),1)-1 | D9: =(1+D8)*IF(AND(Painel_diario!$H5="ED_JD",Painel_diario!$J5=1),EXP(Painel_diario!$L5),1)-1 | E9: =(1+E8)*IF(AND(Painel_diario!$H5="ED_JU",Painel_diario!$J5=1),EXP(Painel_diario!$L5),1)-1
A10: 38817 | B10: =(1+B9)*IF(AND(Painel_diario!$H6="EU_JD",Painel_diario!$J6=1),EXP(Painel_diario!$L6),1)-1 | C10: =(1+C9)*IF(AND(Painel_diario!$H6="EU_JU",Painel_diario!$J6=1),EXP(Painel_diario!$L6),1)-1 | D10: =(1+D9)*IF(AND(Painel_diario!$H6="ED_JD",Painel_diario!$J6=1),EXP(Painel_diario!$L6),1)-1 | E10: =(1+E9)*IF(AND(Painel_diario!$H6="ED_JU",Painel_diario!$J6=1),EXP(Painel_diario!$L6),1)-1
A11: 38818 | B11: =(1+B10)*IF(AND(Painel_diario!$H7="EU_JD",Painel_diario!$J7=1),EXP(Painel_diario!$L7),1)-1 | C11: =(1+C10)*IF(AND(Painel_diario!$H7="EU_JU",Painel_diario!$J7=1),EXP(Painel_diario!$L7),1)-1 | D11: =(1+D10)*IF(AND(Painel_diario!$H7="ED_JD",Painel_diario!$J7=1),EXP(Painel_diario!$L7),1)-1 | E11: =(1+E10)*IF(AND(Painel_diario!$H7="ED_JU",Painel_diario!$J7=1),EXP(Painel_diario!$L7),1)-1
A12: 38819 | B12: =(1+B11)*IF(AND(Painel_diario!$H8="EU_JD",Painel_diario!$J8=1),EXP(Painel_diario!$L8),1)-1 | C12: =(1+C11)*IF(AND(Painel_diario!$H8="EU_JU",Painel_diario!$J8=1),EXP(Painel_diario!$L8),1)-1 | D12: =(1+D11)*IF(AND(Painel_diario!$H8="ED_JD",Painel_diario!$J8=1),EXP(Painel_diario!$L8),1)-1 | E12: =(1+E11)*IF(AND(Painel_diario!$H8="ED_JU",Painel_diario!$J8=1),EXP(Painel_diario!$L8),1)-1
A13: 38820 | B13: =(1+B12)*IF(AND(Painel_diario!$H9="EU_JD",Painel_diario!$J9=1),EXP(Painel_diario!$L9),1)-1 | C13: =(1+C12)*IF(AND(Painel_diario!$H9="EU_JU",Painel_diario!$J9=1),EXP(Painel_diario!$L9),1)-1 | D13: =(1+D12)*IF(AND(Painel_diario!$H9="ED_JD",Painel_diario!$J9=1),EXP(Painel_diario!$L9),1)-1 | E13: =(1+E12)*IF(AND(Painel_diario!$H9="ED_JU",Painel_diario!$J9=1),EXP(Painel_diario!$L9),1)-1
A14: 38824 | B14: =(1+B13)*IF(AND(Painel_diario!$H10="EU_JD",Painel_diario!$J10=1),EXP(Painel_diario!$L10),1)-1 | C14: =(1+C13)*IF(AND(Painel_diario!$H10="EU_JU",Painel_diario!$J10=1),EXP(Painel_diario!$L10),1)-1 | D14: =(1+D13)*IF(AND(Painel_diario!$H10="ED_JD",Painel_diario!$J10=1),EXP(Painel_diario!$L10),1)-1 | E14: =(1+E13)*IF(AND(Painel_diario!$H10="ED_JU",Painel_diario!$J10=1),EXP(Painel_diario!$L10),1)-1
A15: 38825 | B15: =(1+B14)*IF(AND(Painel_diario!$H11="EU_JD",Painel_diario!$J11=1),EXP(Painel_diario!$L11),1)-1 | C15: =(1+C14)*IF(AND(Painel_diario!$H11="EU_JU",Painel_diario!$J11=1),EXP(Painel_diario!$L11),1)-1 | D15: =(1+D14)*IF(AND(Painel_diario!$H11="ED_JD",Painel_diario!$J11=1),EXP(Painel_diario!$L11),1)-1 | E15: =(1+E14)*IF(AND(Painel_diario!$H11="ED_JU",Painel_diario!$J11=1),EXP(Painel_diario!$L11),1)-1
A16: 38826 | B16: =(1+B15)*IF(AND(Painel_diario!$H12="EU_JD",Painel_diario!$J12=1),EXP(Painel_diario!$L12),1)-1 | C16: =(1+C15)*IF(AND(Painel_diario!$H12="EU_JU",Painel_diario!$J12=1),EXP(Painel_diario!$L12),1)-1 | D16: =(1+D15)*IF(AND(Painel_diario!$H12="ED_JD",Painel_diario!$J12=1),EXP(Painel_diario!$L12),1)-1 | E16: =(1+E15)*IF(AND(Painel_diario!$H12="ED_JU",Painel_diario!$J12=1),EXP(Painel_diario!$L12),1)-1
A17: 38827 | B17: =(1+B16)*IF(AND(Painel_diario!$H13="EU_JD",Painel_diario!$J13=1),EXP(Painel_diario!$L13),1)-1 | C17: =(1+C16)*IF(AND(Painel_diario!$H13="EU_JU",Painel_diario!$J13=1),EXP(Painel_diario!$L13),1)-1 | D17: =(1+D16)*IF(AND(Painel_diario!$H13="ED_JD",Painel_diario!$J13=1),EXP(Painel_diario!$L13),1)-1 | E17: =(1+E16)*IF(AND(Painel_diario!$H13="ED_JU",Painel_diario!$J13=1),EXP(Painel_diario!$L13),1)-1
... A5040: 46246 | B5040: =(1+B5039)*IF(AND(Painel_diario!$H5036="EU_JD",Painel_diario!$J5036=1),EXP(Painel_diario!$L5036),1)-1 | C5040: =(1+C5039)*IF(AND(Painel_diario!$H5036="EU_JU",Painel_diario!$J5036=1),EXP(Painel_diario!$L5036),1)-1 | D5040: =(1+D5039)*IF(AND(Painel_diario!$H5036="ED_JD",Painel_diario!$J5036=1),EXP(Painel_diario!$L5036),1)-1 | E5040: =(1+E5039)*IF(AND(Painel_diario!$H5036="ED_JU",Painel_diario!$J5036=1),EXP(Painel_diario!$L5036),1)-1
A5042: O retorno de t para t+1 entra na curva do regime vigente em t, mesma convencao das demais abas. Retorno nominal, sem deflacao.

Sheet Trajetoria_eventos
A1: Ibovespa nos ultimos 5 episodios de cada quadrante
A2: Retorno nominal acumulado a partir do primeiro pregao de cada episodio, ate 252 pregoes. Um bloco por combinacao, no formato do grafico de ultimos eventos do report da XP.
A4: Earnings Up / Juros Down (quadrante corrente)
A5: Pregao | B5: 2020-10-01 | C5: 2023-05-02 | D5: 2023-11-01 | E5: 2025-05-07 | F5: 2025-12-01
A6: Pregoes do episodio | B6: 2 | C6: 43 | D6: 127 | E6: 38 | F6: 173
A7: 0 | B7: 0 | C7: 0 | D7: 0 | E7: 0 | F7: 0
A8: 1 | B8: =EXP(SUM(Painel_diario!$L$3580:$L$3580))-1 | C8: =EXP(SUM(Painel_diario!$L$4217:$L$4217))-1 | D8: =EXP(SUM(Painel_diario!$L$4345:$L$4345))-1 | E8: =EXP(SUM(Painel_diario!$L$4719:$L$4719))-1 | F8: =EXP(SUM(Painel_diario!$L$4865:$L$4865))-1
A9: 2 | B9: =EXP(SUM(Painel_diario!$L$3580:$L$3581))-1 | C9: =EXP(SUM(Painel_diario!$L$4217:$L$4218))-1 | D9: =EXP(SUM(Painel_diario!$L$4345:$L$4346))-1 | E9: =EXP(SUM(Painel_diario!$L$4719:$L$4720))-1 | F9: =EXP(SUM(Painel_diario!$L$4865:$L$4866))-1
A10: 3 | B10: =EXP(SUM(Painel_diario!$L$3580:$L$3582))-1 | C10: =EXP(SUM(Painel_diario!$L$4217:$L$4219))-1 | D10: =EXP(SUM(Painel_diario!$L$4345:$L$4347))-1 | E10: =EXP(SUM(Painel_diario!$L$4719:$L$4721))-1 | F10: =EXP(SUM(Painel_diario!$L$4865:$L$4867))-1
A11: 4 | B11: =EXP(SUM(Painel_diario!$L$3580:$L$3583))-1 | C11: =EXP(SUM(Painel_diario!$L$4217:$L$4220))-1 | D11: =EXP(SUM(Painel_diario!$L$4345:$L$4348))-1 | E11: =EXP(SUM(Painel_diario!$L$4719:$L$4722))-1 | F11: =EXP(SUM(Painel_diario!$L$4865:$L$4868))-1
A12: 5 | B12: =EXP(SUM(Painel_diario!$L$3580:$L$3584))-1 | C12: =EXP(SUM(Painel_diario!$L$4217:$L$4221))-1 | D12: =EXP(SUM(Painel_diario!$L$4345:$L$4349))-1 | E12: =EXP(SUM(Painel_diario!$L$4719:$L$4723))-1 | F12: =EXP(SUM(Painel_diario!$L$4865:$L$4869))-1
A13: 6 | B13: =EXP(SUM(Painel_diario!$L$3580:$L$3585))-1 | C13: =EXP(SUM(Painel_diario!$L$4217:$L$4222))-1 | D13: =EXP(SUM(Painel_diario!$L$4345:$L$4350))-1 | E13: =EXP(SUM(Painel_diario!$L$4719:$L$4724))-1 | F13: =EXP(SUM(Painel_diario!$L$4865:$L$4870))-1
A14: 7 | B14: =EXP(SUM(Painel_diario!$L$3580:$L$3586))-1 | C14: =EXP(SUM(Painel_diario!$L$4217:$L$4223))-1 | D14: =EXP(SUM(Painel_diario!$L$4345:$L$4351))-1 | E14: =EXP(SUM(Painel_diario!$L$4719:$L$4725))-1 | F14: =EXP(SUM(Painel_diario!$L$4865:$L$4871))-1
A15: 8 | B15: =EXP(SUM(Painel_diario!$L$3580:$L$3587))-1 | C15: =EXP(SUM(Painel_diario!$L$4217:$L$4224))-1 | D15: =EXP(SUM(Painel_diario!$L$4345:$L$4352))-1 | E15: =EXP(SUM(Painel_diario!$L$4719:$L$4726))-1 | F15: =EXP(SUM(Painel_diario!$L$4865:$L$4872))-1
A16: 9 | B16: =EXP(SUM(Painel_diario!$L$3580:$L$3588))-1 | C16: =EXP(SUM(Painel_diario!$L$4217:$L$4225))-1 | D16: =EXP(SUM(Painel_diario!$L$4345:$L$4353))-1 | E16: =EXP(SUM(Painel_diario!$L$4719:$L$4727))-1 | F16: =EXP(SUM(Painel_diario!$L$4865:$L$4873))-1
A17: 10 | B17: =EXP(SUM(Painel_diario!$L$3580:$L$3589))-1 | C17: =EXP(SUM(Painel_diario!$L$4217:$L$4226))-1 | D17: =EXP(SUM(Painel_diario!$L$4345:$L$4354))-1 | E17: =EXP(SUM(Painel_diario!$L$4719:$L$4728))-1 | F17: =EXP(SUM(Painel_diario!$L$4865:$L$4874))-1
A18: 11 | B18: =EXP(SUM(Painel_diario!$L$3580:$L$3590))-1 | C18: =EXP(SUM(Painel_diario!$L$4217:$L$4227))-1 | D18: =EXP(SUM(Painel_diario!$L$4345:$L$4355))-1 | E18: =EXP(SUM(Painel_diario!$L$4719:$L$4729))-1 | F18: =EXP(SUM(Painel_diario!$L$4865:$L$4875))-1
A19: 12 | B19: =EXP(SUM(Painel_diario!$L$3580:$L$3591))-1 | C19: =EXP(SUM(Painel_diario!$L$4217:$L$4228))-1 | D19: =EXP(SUM(Painel_diario!$L$4345:$L$4356))-1 | E19: =EXP(SUM(Painel_diario!$L$4719:$L$4730))-1 | F19: =EXP(SUM(Painel_diario!$L$4865:$L$4876))-1
A20: 13 | B20: =EXP(SUM(Painel_diario!$L$3580:$L$3592))-1 | C20: =EXP(SUM(Painel_diario!$L$4217:$L$4229))-1 | D20: =EXP(SUM(Painel_diario!$L$4345:$L$4357))-1 | E20: =EXP(SUM(Painel_diario!$L$4719:$L$4731))-1 | F20: =EXP(SUM(Painel_diario!$L$4865:$L$4877))-1
A21: 14 | B21: =EXP(SUM(Painel_diario!$L$3580:$L$3593))-1 | C21: =EXP(SUM(Painel_diario!$L$4217:$L$4230))-1 | D21: =EXP(SUM(Painel_diario!$L$4345:$L$4358))-1 | E21: =EXP(SUM(Painel_diario!$L$4719:$L$4732))-1 | F21: =EXP(SUM(Painel_diario!$L$4865:$L$4878))-1
A22: 15 | B22: =EXP(SUM(Painel_diario!$L$3580:$L$3594))-1 | C22: =EXP(SUM(Painel_diario!$L$4217:$L$4231))-1 | D22: =EXP(SUM(Painel_diario!$L$4345:$L$4359))-1 | E22: =EXP(SUM(Painel_diario!$L$4719:$L$4733))-1 | F22: =EXP(SUM(Painel_diario!$L$4865:$L$4879))-1
A23: 16 | B23: =EXP(SUM(Painel_diario!$L$3580:$L$3595))-1 | C23: =EXP(SUM(Painel_diario!$L$4217:$L$4232))-1 | D23: =EXP(SUM(Painel_diario!$L$4345:$L$4360))-1 | E23: =EXP(SUM(Painel_diario!$L$4719:$L$4734))-1 | F23: =EXP(SUM(Painel_diario!$L$4865:$L$4880))-1
A24: 17 | B24: =EXP(SUM(Painel_diario!$L$3580:$L$3596))-1 | C24: =EXP(SUM(Painel_diario!$L$4217:$L$4233))-1 | D24: =EXP(SUM(Painel_diario!$L$4345:$L$4361))-1 | E24: =EXP(SUM(Painel_diario!$L$4719:$L$4735))-1 | F24: =EXP(SUM(Painel_diario!$L$4865:$L$4881))-1
A25: 18 | B25: =EXP(SUM(Painel_diario!$L$3580:$L$3597))-1 | C25: =EXP(SUM(Painel_diario!$L$4217:$L$4234))-1 | D25: =EXP(SUM(Painel_diario!$L$4345:$L$4362))-1 | E25: =EXP(SUM(Painel_diario!$L$4719:$L$4736))-1 | F25: =EXP(SUM(Painel_diario!$L$4865:$L$4882))-1
A26: 19 | B26: =EXP(SUM(Painel_diario!$L$3580:$L$3598))-1 | C26: =EXP(SUM(Painel_diario!$L$4217:$L$4235))-1 | D26: =EXP(SUM(Painel_diario!$L$4345:$L$4363))-1 | E26: =EXP(SUM(Painel_diario!$L$4719:$L$4737))-1 | F26: =EXP(SUM(Painel_diario!$L$4865:$L$4883))-1
A27: 20 | B27: =EXP(SUM(Painel_diario!$L$3580:$L$3599))-1 | C27: =EXP(SUM(Painel_diario!$L$4217:$L$4236))-1 | D27: =EXP(SUM(Painel_diario!$L$4345:$L$4364))-1 | E27: =EXP(SUM(Painel_diario!$L$4719:$L$4738))-1 | F27: =EXP(SUM(Painel_diario!$L$4865:$L$4884))-1
A28: 21 | B28: =EXP(SUM(Painel_diario!$L$3580:$L$3600))-1 | C28: =EXP(SUM(Painel_diario!$L$4217:$L$4237))-1 | D28: =EXP(SUM(Painel_diario!$L$4345:$L$4365))-1 | E28: =EXP(SUM(Painel_diario!$L$4719:$L$4739))-1 | F28: =EXP(SUM(Painel_diario!$L$4865:$L$4885))-1
A29: 22 | B29: =EXP(SUM(Painel_diario!$L$3580:$L$3601))-1 | C29: =EXP(SUM(Painel_diario!$L$4217:$L$4238))-1 | D29: =EXP(SUM(Painel_diario!$L$4345:$L$4366))-1 | E29: =EXP(SUM(Painel_diario!$L$4719:$L$4740))-1 | F29: =EXP(SUM(Painel_diario!$L$4865:$L$4886))-1
A30: 23 | B30: =EXP(SUM(Painel_diario!$L$3580:$L$3602))-1 | C30: =EXP(SUM(Painel_diario!$L$4217:$L$4239))-1 | D30: =EXP(SUM(Painel_diario!$L$4345:$L$4367))-1 | E30: =EXP(SUM(Painel_diario!$L$4719:$L$4741))-1 | F30: =EXP(SUM(Painel_diario!$L$4865:$L$4887))-1
A31: 24 | B31: =EXP(SUM(Painel_diario!$L$3580:$L$3603))-1 | C31: =EXP(SUM(Painel_diario!$L$4217:$L$4240))-1 | D31: =EXP(SUM(Painel_diario!$L$4345:$L$4368))-1 | E31: =EXP(SUM(Painel_diario!$L$4719:$L$4742))-1 | F31: =EXP(SUM(Painel_diario!$L$4865:$L$4888))-1
A32: 25 | B32: =EXP(SUM(Painel_diario!$L$3580:$L$3604))-1 | C32: =EXP(SUM(Painel_diario!$L$4217:$L$4241))-1 | D32: =EXP(SUM(Painel_diario!$L$4345:$L$4369))-1 | E32: =EXP(SUM(Painel_diario!$L$4719:$L$4743))-1 | F32: =EXP(SUM(Painel_diario!$L$4865:$L$4889))-1
A33: 26 | B33: =EXP(SUM(Painel_diario!$L$3580:$L$3605))-1 | C33: =EXP(SUM(Painel_diario!$L$4217:$L$4242))-1 | D33: =EXP(SUM(Painel_diario!$L$4345:$L$4370))-1 | E33: =EXP(SUM(Painel_diario!$L$4719:$L$4744))-1 | F33: =EXP(SUM(Painel_diario!$L$4865:$L$4890))-1
A34: 27 | B34: =EXP(SUM(Painel_diario!$L$3580:$L$3606))-1 | C34: =EXP(SUM(Painel_diario!$L$4217:$L$4243))-1 | D34: =EXP(SUM(Painel_diario!$L$4345:$L$4371))-1 | E34: =EXP(SUM(Painel_diario!$L$4719:$L$4745))-1 | F34: =EXP(SUM(Painel_diario!$L$4865:$L$4891))-1
A35: 28 | B35: =EXP(SUM(Painel_diario!$L$3580:$L$3607))-1 | C35: =EXP(SUM(Painel_diario!$L$4217:$L$4244))-1 | D35: =EXP(SUM(Painel_diario!$L$4345:$L$4372))-1 | E35: =EXP(SUM(Painel_diario!$L$4719:$L$4746))-1 | F35: =EXP(SUM(Painel_diario!$L$4865:$L$4892))-1
A36: 29 | B36: =EXP(SUM(Painel_diario!$L$3580:$L$3608))-1 | C36: =EXP(SUM(Painel_diario!$L$4217:$L$4245))-1 | D36: =EXP(SUM(Painel_diario!$L$4345:$L$4373))-1 | E36: =EXP(SUM(Painel_diario!$L$4719:$L$4747))-1 | F36: =EXP(SUM(Painel_diario!$L$4865:$L$4893))-1
A37: 30 | B37: =EXP(SUM(Painel_diario!$L$3580:$L$3609))-1 | C37: =EXP(SUM(Painel_diario!$L$4217:$L$4246))-1 | D37: =EXP(SUM(Painel_diario!$L$4345:$L$4374))-1 | E37: =EXP(SUM(Painel_diario!$L$4719:$L$4748))-1 | F37: =EXP(SUM(Painel_diario!$L$4865:$L$4894))-1
A38: 31 | B38: =EXP(SUM(Painel_diario!$L$3580:$L$3610))-1 | C38: =EXP(SUM(Painel_diario!$L$4217:$L$4247))-1 | D38: =EXP(SUM(Painel_diario!$L$4345:$L$4375))-1 | E38: =EXP(SUM(Painel_diario!$L$4719:$L$4749))-1 | F38: =EXP(SUM(Painel_diario!$L$4865:$L$4895))-1
A39: 32 | B39: =EXP(SUM(Painel_diario!$L$3580:$L$3611))-1 | C39: =EXP(SUM(Painel_diario!$L$4217:$L$4248))-1 | D39: =EXP(SUM(Painel_diario!$L$4345:$L$4376))-1 | E39: =EXP(SUM(Painel_diario!$L$4719:$L$4750))-1 | F39: =EXP(SUM(Painel_diario!$L$4865:$L$4896))-1
A40: 33 | B40: =EXP(SUM(Painel_diario!$L$3580:$L$3612))-1 | C40: =EXP(SUM(Painel_diario!$L$4217:$L$4249))-1 | D40: =EXP(SUM(Painel_diario!$L$4345:$L$4377))-1 | E40: =EXP(SUM(Painel_diario!$L$4719:$L$4751))-1 | F40: =EXP(SUM(Painel_diario!$L$4865:$L$4897))-1
A41: 34 | B41: =EXP(SUM(Painel_diario!$L$3580:$L$3613))-1 | C41: =EXP(SUM(Painel_diario!$L$4217:$L$4250))-1 | D41: =EXP(SUM(Painel_diario!$L$4345:$L$4378))-1 | E41: =EXP(SUM(Painel_diario!$L$4719:$L$4752))-1 | F41: =EXP(SUM(Painel_diario!$L$4865:$L$4898))-1
A42: 35 | B42: =EXP(SUM(Painel_diario!$L$3580:$L$3614))-1 | C42: =EXP(SUM(Painel_diario!$L$4217:$L$4251))-1 | D42: =EXP(SUM(Painel_diario!$L$4345:$L$4379))-1 | E42: =EXP(SUM(Painel_diario!$L$4719:$L$4753))-1 | F42: =EXP(SUM(Painel_diario!$L$4865:$L$4899))-1
A43: 36 | B43: =EXP(SUM(Painel_diario!$L$3580:$L$3615))-1 | C43: =EXP(SUM(Painel_diario!$L$4217:$L$4252))-1 | D43: =EXP(SUM(Painel_diario!$L$4345:$L$4380))-1 | E43: =EXP(SUM(Painel_diario!$L$4719:$L$4754))-1 | F43: =EXP(SUM(Painel_diario!$L$4865:$L$4900))-1
A44: 37 | B44: =EXP(SUM(Painel_diario!$L$3580:$L$3616))-1 | C44: =EXP(SUM(Painel_diario!$L$4217:$L$4253))-1 | D44: =EXP(SUM(Painel_diario!$L$4345:$L$4381))-1 | E44: =EXP(SUM(Painel_diario!$L$4719:$L$4755))-1 | F44: =EXP(SUM(Painel_diario!$L$4865:$L$4901))-1
A45: 38 | B45: =EXP(SUM(Painel_diario!$L$3580:$L$3617))-1 | C45: =EXP(SUM(Painel_diario!$L$4217:$L$4254))-1 | D45: =EXP(SUM(Painel_diario!$L$4345:$L$4382))-1 | E45: =EXP(SUM(Painel_diario!$L$4719:$L$4756))-1 | F45: =EXP(SUM(Painel_diario!$L$4865:$L$4902))-1
A46: 39 | B46: =EXP(SUM(Painel_diario!$L$3580:$L$3618))-1 | C46: =EXP(SUM(Painel_diario!$L$4217:$L$4255))-1 | D46: =EXP(SUM(Painel_diario!$L$4345:$L$4383))-1 | E46: =EXP(SUM(Painel_diario!$L$4719:$L$4757))-1 | F46: =EXP(SUM(Painel_diario!$L$4865:$L$4903))-1
A47: 40 | B47: =EXP(SUM(Painel_diario!$L$3580:$L$3619))-1 | C47: =EXP(SUM(Painel_diario!$L$4217:$L$4256))-1 | D47: =EXP(SUM(Painel_diario!$L$4345:$L$4384))-1 | E47: =EXP(SUM(Painel_diario!$L$4719:$L$4758))-1 | F47: =EXP(SUM(Painel_diario!$L$4865:$L$4904))-1
A48: 41 | B48: =EXP(SUM(Painel_diario!$L$3580:$L$3620))-1 | C48: =EXP(SUM(Painel_diario!$L$4217:$L$4257))-1 | D48: =EXP(SUM(Painel_diario!$L$4345:$L$4385))-1 | E48: =EXP(SUM(Painel_diario!$L$4719:$L$4759))-1 | F48: =EXP(SUM(Painel_diario!$L$4865:$L$4905))-1
A49: 42 | B49: =EXP(SUM(Painel_diario!$L$3580:$L$3621))-1 | C49: =EXP(SUM(Painel_diario!$L$4217:$L$4258))-1 | D49: =EXP(SUM(Painel_diario!$L$4345:$L$4386))-1 | E49: =EXP(SUM(Painel_diario!$L$4719:$L$4760))-1 | F49: =EXP(SUM(Painel_diario!$L$4865:$L$4906))-1
A50: 43 | B50: =EXP(SUM(Painel_diario!$L$3580:$L$3622))-1 | C50: =EXP(SUM(Painel_diario!$L$4217:$L$4259))-1 | D50: =EXP(SUM(Painel_diario!$L$4345:$L$4387))-1 | E50: =EXP(SUM(Painel_diario!$L$4719:$L$4761))-1 | F50: =EXP(SUM(Painel_diario!$L$4865:$L$4907))-1
A51: 44 | B51: =EXP(SUM(Painel_diario!$L$3580:$L$3623))-1 | C51: =EXP(SUM(Painel_diario!$L$4217:$L$4260))-1 | D51: =EXP(SUM(Painel_diario!$L$4345:$L$4388))-1 | E51: =EXP(SUM(Painel_diario!$L$4719:$L$4762))-1 | F51: =EXP(SUM(Painel_diario!$L$4865:$L$4908))-1
A52: 45 | B52: =EXP(SUM(Painel_diario!$L$3580:$L$3624))-1 | C52: =EXP(SUM(Painel_diario!$L$4217:$L$4261))-1 | D52: =EXP(SUM(Painel_diario!$L$4345:$L$4389))-1 | E52: =EXP(SUM(Painel_diario!$L$4719:$L$4763))-1 | F52: =EXP(SUM(Painel_diario!$L$4865:$L$4909))-1
A53: 46 | B53: =EXP(SUM(Painel_diario!$L$3580:$L$3625))-1 | C53: =EXP(SUM(Painel_diario!$L$4217:$L$4262))-1 | D53: =EXP(SUM(Painel_diario!$L$4345:$L$4390))-1 | E53: =EXP(SUM(Painel_diario!$L$4719:$L$4764))-1 | F53: =EXP(SUM(Painel_diario!$L$4865:$L$4910))-1
A54: 47 | B54: =EXP(SUM(Painel_diario!$L$3580:$L$3626))-1 | C54: =EXP(SUM(Painel_diario!$L$4217:$L$4263))-1 | D54: =EXP(SUM(Painel_diario!$L$4345:$L$4391))-1 | E54: =EXP(SUM(Painel_diario!$L$4719:$L$4765))-1 | F54: =EXP(SUM(Painel_diario!$L$4865:$L$4911))-1
A55: 48 | B55: =EXP(SUM(Painel_diario!$L$3580:$L$3627))-1 | C55: =EXP(SUM(Painel_diario!$L$4217:$L$4264))-1 | D55: =EXP(SUM(Painel_diario!$L$4345:$L$4392))-1 | E55: =EXP(SUM(Painel_diario!$L$4719:$L$4766))-1 | F55: =EXP(SUM(Painel_diario!$L$4865:$L$4912))-1
A56: 49 | B56: =EXP(SUM(Painel_diario!$L$3580:$L$3628))-1 | C56: =EXP(SUM(Painel_diario!$L$4217:$L$4265))-1 | D56: =EXP(SUM(Painel_diario!$L$4345:$L$4393))-1 | E56: =EXP(SUM(Painel_diario!$L$4719:$L$4767))-1 | F56: =EXP(SUM(Painel_diario!$L$4865:$L$4913))-1
A57: 50 | B57: =EXP(SUM(Painel_diario!$L$3580:$L$3629))-1 | C57: =EXP(SUM(Painel_diario!$L$4217:$L$4266))-1 | D57: =EXP(SUM(Painel_diario!$L$4345:$L$4394))-1 | E57: =EXP(SUM(Painel_diario!$L$4719:$L$4768))-1 | F57: =EXP(SUM(Painel_diario!$L$4865:$L$4914))-1
A58: 51 | B58: =EXP(SUM(Painel_diario!$L$3580:$L$3630))-1 | C58: =EXP(SUM(Painel_diario!$L$4217:$L$4267))-1 | D58: =EXP(SUM(Painel_diario!$L$4345:$L$4395))-1 | E58: =EXP(SUM(Painel_diario!$L$4719:$L$4769))-1 | F58: =EXP(SUM(Painel_diario!$L$4865:$L$4915))-1
A59: 52 | B59: =EXP(SUM(Painel_diario!$L$3580:$L$3631))-1 | C59: =EXP(SUM(Painel_diario!$L$4217:$L$4268))-1 | D59: =EXP(SUM(Painel_diario!$L$4345:$L$4396))-1 | E59: =EXP(SUM(Painel_diario!$L$4719:$L$4770))-1 | F59: =EXP(SUM(Painel_diario!$L$4865:$L$4916))-1
A60: 53 | B60: =EXP(SUM(Painel_diario!$L$3580:$L$3632))-1 | C60: =EXP(SUM(Painel_diario!$L$4217:$L$4269))-1 | D60: =EXP(SUM(Painel_diario!$L$4345:$L$4397))-1 | E60: =EXP(SUM(Painel_diario!$L$4719:$L$4771))-1 | F60: =EXP(SUM(Painel_diario!$L$4865:$L$4917))-1
A61: 54 | B61: =EXP(SUM(Painel_diario!$L$3580:$L$3633))-1 | C61: =EXP(SUM(Painel_diario!$L$4217:$L$4270))-1 | D61: =EXP(SUM(Painel_diario!$L$4345:$L$4398))-1 | E61: =EXP(SUM(Painel_diario!$L$4719:$L$4772))-1 | F61: =EXP(SUM(Painel_diario!$L$4865:$L$4918))-1
A62: 55 | B62: =EXP(SUM(Painel_diario!$L$3580:$L$3634))-1 | C62: =EXP(SUM(Painel_diario!$L$4217:$L$4271))-1 | D62: =EXP(SUM(Painel_diario!$L$4345:$L$4399))-1 | E62: =EXP(SUM(Painel_diario!$L$4719:$L$4773))-1 | F62: =EXP(SUM(Painel_diario!$L$4865:$L$4919))-1
A63: 56 | B63: =EXP(SUM(Painel_diario!$L$3580:$L$3635))-1 | C63: =EXP(SUM(Painel_diario!$L$4217:$L$4272))-1 | D63: =EXP(SUM(Painel_diario!$L$4345:$L$4400))-1 | E63: =EXP(SUM(Painel_diario!$L$4719:$L$4774))-1 | F63: =EXP(SUM(Painel_diario!$L$4865:$L$4920))-1
A64: 57 | B64: =EXP(SUM(Painel_diario!$L$3580:$L$3636))-1 | C64: =EXP(SUM(Painel_diario!$L$4217:$L$4273))-1 | D64: =EXP(SUM(Painel_diario!$L$4345:$L$4401))-1 | E64: =EXP(SUM(Painel_diario!$L$4719:$L$4775))-1 | F64: =EXP(SUM(Painel_diario!$L$4865:$L$4921))-1
A65: 58 | B65: =EXP(SUM(Painel_diario!$L$3580:$L$3637))-1 | C65: =EXP(SUM(Painel_diario!$L$4217:$L$4274))-1 | D65: =EXP(SUM(Painel_diario!$L$4345:$L$4402))-1 | E65: =EXP(SUM(Painel_diario!$L$4719:$L$4776))-1 | F65: =EXP(SUM(Painel_diario!$L$4865:$L$4922))-1
A66: 59 | B66: =EXP(SUM(Painel_diario!$L$3580:$L$3638))-1 | C66: =EXP(SUM(Painel_diario!$L$4217:$L$4275))-1 | D66: =EXP(SUM(Painel_diario!$L$4345:$L$4403))-1 | E66: =EXP(SUM(Painel_diario!$L$4719:$L$4777))-1 | F66: =EXP(SUM(Painel_diario!$L$4865:$L$4923))-1
A67: 60 | B67: =EXP(SUM(Painel_diario!$L$3580:$L$3639))-1 | C67: =EXP(SUM(Painel_diario!$L$4217:$L$4276))-1 | D67: =EXP(SUM(Painel_diario!$L$4345:$L$4404))-1 | E67: =EXP(SUM(Painel_diario!$L$4719:$L$4778))-1 | F67: =EXP(SUM(Painel_diario!$L$4865:$L$4924))-1
A68: 61 | B68: =EXP(SUM(Painel_diario!$L$3580:$L$3640))-1 | C68: =EXP(SUM(Painel_diario!$L$4217:$L$4277))-1 | D68: =EXP(SUM(Painel_diario!$L$4345:$L$4405))-1 | E68: =EXP(SUM(Painel_diario!$L$4719:$L$4779))-1 | F68: =EXP(SUM(Painel_diario!$L$4865:$L$4925))-1
A69: 62 | B69: =EXP(SUM(Painel_diario!$L$3580:$L$3641))-1 | C69: =EXP(SUM(Painel_diario!$L$4217:$L$4278))-1 | D69: =EXP(SUM(Painel_diario!$L$4345:$L$4406))-1 | E69: =EXP(SUM(Painel_diario!$L$4719:$L$4780))-1 | F69: =EXP(SUM(Painel_diario!$L$4865:$L$4926))-1
A70: 63 | B70: =EXP(SUM(Painel_diario!$L$3580:$L$3642))-1 | C70: =EXP(SUM(Painel_diario!$L$4217:$L$4279))-1 | D70: =EXP(SUM(Painel_diario!$L$4345:$L$4407))-1 | E70: =EXP(SUM(Painel_diario!$L$4719:$L$4781))-1 | F70: =EXP(SUM(Painel_diario!$L$4865:$L$4927))-1
A71: 64 | B71: =EXP(SUM(Painel_diario!$L$3580:$L$3643))-1 | C71: =EXP(SUM(Painel_diario!$L$4217:$L$4280))-1 | D71: =EXP(SUM(Painel_diario!$L$4345:$L$4408))-1 | E71: =EXP(SUM(Painel_diario!$L$4719:$L$4782))-1 | F71: =EXP(SUM(Painel_diario!$L$4865:$L$4928))-1
A72: 65 | B72: =EXP(SUM(Painel_diario!$L$3580:$L$3644))-1 | C72: =EXP(SUM(Painel_diario!$L$4217:$L$4281))-1 | D72: =EXP(SUM(Painel_diario!$L$4345:$L$4409))-1 | E72: =EXP(SUM(Painel_diario!$L$4719:$L$4783))-1 | F72: =EXP(SUM(Painel_diario!$L$4865:$L$4929))-1
A73: 66 | B73: =EXP(SUM(Painel_diario!$L$3580:$L$3645))-1 | C73: =EXP(SUM(Painel_diario!$L$4217:$L$4282))-1 | D73: =EXP(SUM(Painel_diario!$L$4345:$L$4410))-1 | E73: =EXP(SUM(Painel_diario!$L$4719:$L$4784))-1 | F73: =EXP(SUM(Painel_diario!$L$4865:$L$4930))-1
A74: 67 | B74: =EXP(SUM(Painel_diario!$L$3580:$L$3646))-1 | C74: =EXP(SUM(Painel_diario!$L$4217:$L$4283))-1 | D74: =EXP(SUM(Painel_diario!$L$4345:$L$4411))-1 | E74: =EXP(SUM(Painel_diario!$L$4719:$L$4785))-1 | F74: =EXP(SUM(Painel_diario!$L$4865:$L$4931))-1
A75: 68 | B75: =EXP(SUM(Painel_diario!$L$3580:$L$3647))-1 | C75: =EXP(SUM(Painel_diario!$L$4217:$L$4284))-1 | D75: =EXP(SUM(Painel_diario!$L$4345:$L$4412))-1 | E75: =EXP(SUM(Painel_diario!$L$4719:$L$4786))-1 | F75: =EXP(SUM(Painel_diario!$L$4865:$L$4932))-1
A76: 69 | B76: =EXP(SUM(Painel_diario!$L$3580:$L$3648))-1 | C76: =EXP(SUM(Painel_diario!$L$4217:$L$4285))-1 | D76: =EXP(SUM(Painel_diario!$L$4345:$L$4413))-1 | E76: =EXP(SUM(Painel_diario!$L$4719:$L$4787))-1 | F76: =EXP(SUM(Painel_diario!$L$4865:$L$4933))-1
A77: 70 | B77: =EXP(SUM(Painel_diario!$L$3580:$L$3649))-1 | C77: =EXP(SUM(Painel_diario!$L$4217:$L$4286))-1 | D77: =EXP(SUM(Painel_diario!$L$4345:$L$4414))-1 | E77: =EXP(SUM(Painel_diario!$L$4719:$L$4788))-1 | F77: =EXP(SUM(Painel_diario!$L$4865:$L$4934))-1
A78: 71 | B78: =EXP(SUM(Painel_diario!$L$3580:$L$3650))-1 | C78: =EXP(SUM(Painel_diario!$L$4217:$L$4287))-1 | D78: =EXP(SUM(Painel_diario!$L$4345:$L$4415))-1 | E78: =EXP(SUM(Painel_diario!$L$4719:$L$4789))-1 | F78: =EXP(SUM(Painel_diario!$L$4865:$L$4935))-1
A79: 72 | B79: =EXP(SUM(Painel_diario!$L$3580:$L$3651))-1 | C79: =EXP(SUM(Painel_diario!$L$4217:$L$4288))-1 | D79: =EXP(SUM(Painel_diario!$L$4345:$L$4416))-1 | E79: =EXP(SUM(Painel_diario!$L$4719:$L$4790))-1 | F79: =EXP(SUM(Painel_diario!$L$4865:$L$4936))-1
A80: 73 | B80: =EXP(SUM(Painel_diario!$L$3580:$L$3652))-1 | C80: =EXP(SUM(Painel_diario!$L$4217:$L$4289))-1 | D80: =EXP(SUM(Painel_diario!$L$4345:$L$4417))-1 | E80: =EXP(SUM(Painel_diario!$L$4719:$L$4791))-1 | F80: =EXP(SUM(Painel_diario!$L$4865:$L$4937))-1
A81: 74 | B81: =EXP(SUM(Painel_diario!$L$3580:$L$3653))-1 | C81: =EXP(SUM(Painel_diario!$L$4217:$L$4290))-1 | D81: =EXP(SUM(Painel_diario!$L$4345:$L$4418))-1 | E81: =EXP(SUM(Painel_diario!$L$4719:$L$4792))-1 | F81: =EXP(SUM(Painel_diario!$L$4865:$L$4938))-1
A82: 75 | B82: =EXP(SUM(Painel_diario!$L$3580:$L$3654))-1 | C82: =EXP(SUM(Painel_diario!$L$4217:$L$4291))-1 | D82: =EXP(SUM(Painel_diario!$L$4345:$L$4419))-1 | E82: =EXP(SUM(Painel_diario!$L$4719:$L$4793))-1 | F82: =EXP(SUM(Painel_diario!$L$4865:$L$4939))-1
A83: 76 | B83: =EXP(SUM(Painel_diario!$L$3580:$L$3655))-1 | C83: =EXP(SUM(Painel_diario!$L$4217:$L$4292))-1 | D83: =EXP(SUM(Painel_diario!$L$4345:$L$4420))-1 | E83: =EXP(SUM(Painel_diario!$L$4719:$L$4794))-1 | F83: =EXP(SUM(Painel_diario!$L$4865:$L$4940))-1
A84: 77 | B84: =EXP(SUM(Painel_diario!$L$3580:$L$3656))-1 | C84: =EXP(SUM(Painel_diario!$L$4217:$L$4293))-1 | D84: =EXP(SUM(Painel_diario!$L$4345:$L$4421))-1 | E84: =EXP(SUM(Painel_diario!$L$4719:$L$4795))-1 | F84: =EXP(SUM(Painel_diario!$L$4865:$L$4941))-1
A85: 78 | B85: =EXP(SUM(Painel_diario!$L$3580:$L$3657))-1 | C85: =EXP(SUM(Painel_diario!$L$4217:$L$4294))-1 | D85: =EXP(SUM(Painel_diario!$L$4345:$L$4422))-1 | E85: =EXP(SUM(Painel_diario!$L$4719:$L$4796))-1 | F85: =EXP(SUM(Painel_diario!$L$4865:$L$4942))-1
A86: 79 | B86: =EXP(SUM(Painel_diario!$L$3580:$L$3658))-1 | C86: =EXP(SUM(Painel_diario!$L$4217:$L$4295))-1 | D86: =EXP(SUM(Painel_diario!$L$4345:$L$4423))-1 | E86: =EXP(SUM(Painel_diario!$L$4719:$L$4797))-1 | F86: =EXP(SUM(Painel_diario!$L$4865:$L$4943))-1
A87: 80 | B87: =EXP(SUM(Painel_diario!$L$3580:$L$3659))-1 | C87: =EXP(SUM(Painel_diario!$L$4217:$L$4296))-1 | D87: =EXP(SUM(Painel_diario!$L$4345:$L$4424))-1 | E87: =EXP(SUM(Painel_diario!$L$4719:$L$4798))-1 | F87: =EXP(SUM(Painel_diario!$L$4865:$L$4944))-1
A88: 81 | B88: =EXP(SUM(Painel_diario!$L$3580:$L$3660))-1 | C88: =EXP(SUM(Painel_diario!$L$4217:$L$4297))-1 | D88: =EXP(SUM(Painel_diario!$L$4345:$L$4425))-1 | E88: =EXP(SUM(Painel_diario!$L$4719:$L$4799))-1 | F88: =EXP(SUM(Painel_diario!$L$4865:$L$4945))-1
A89: 82 | B89: =EXP(SUM(Painel_diario!$L$3580:$L$3661))-1 | C89: =EXP(SUM(Painel_diario!$L$4217:$L$4298))-1 | D89: =EXP(SUM(Painel_diario!$L$4345:$L$4426))-1 | E89: =EXP(SUM(Painel_diario!$L$4719:$L$4800))-1 | F89: =EXP(SUM(Painel_diario!$L$4865:$L$4946))-1
A90: 83 | B90: =EXP(SUM(Painel_diario!$L$3580:$L$3662))-1 | C90: =EXP(SUM(Painel_diario!$L$4217:$L$4299))-1 | D90: =EXP(SUM(Painel_diario!$L$4345:$L$4427))-1 | E90: =EXP(SUM(Painel_diario!$L$4719:$L$4801))-1 | F90: =EXP(SUM(Painel_diario!$L$4865:$L$4947))-1
A91: 84 | B91: =EXP(SUM(Painel_diario!$L$3580:$L$3663))-1 | C91: =EXP(SUM(Painel_diario!$L$4217:$L$4300))-1 | D91: =EXP(SUM(Painel_diario!$L$4345:$L$4428))-1 | E91: =EXP(SUM(Painel_diario!$L$4719:$L$4802))-1 | F91: =EXP(SUM(Painel_diario!$L$4865:$L$4948))-1
A92: 85 | B92: =EXP(SUM(Painel_diario!$L$3580:$L$3664))-1 | C92: =EXP(SUM(Painel_diario!$L$4217:$L$4301))-1 | D92: =EXP(SUM(Painel_diario!$L$4345:$L$4429))-1 | E92: =EXP(SUM(Painel_diario!$L$4719:$L$4803))-1 | F92: =EXP(SUM(Painel_diario!$L$4865:$L$4949))-1
A93: 86 | B93: =EXP(SUM(Painel_diario!$L$3580:$L$3665))-1 | C93: =EXP(SUM(Painel_diario!$L$4217:$L$4302))-1 | D93: =EXP(SUM(Painel_diario!$L$4345:$L$4430))-1 | E93: =EXP(SUM(Painel_diario!$L$4719:$L$4804))-1 | F93: =EXP(SUM(Painel_diario!$L$4865:$L$4950))-1
A94: 87 | B94: =EXP(SUM(Painel_diario!$L$3580:$L$3666))-1 | C94: =EXP(SUM(Painel_diario!$L$4217:$L$4303))-1 | D94: =EXP(SUM(Painel_diario!$L$4345:$L$4431))-1 | E94: =EXP(SUM(Painel_diario!$L$4719:$L$4805))-1 | F94: =EXP(SUM(Painel_diario!$L$4865:$L$4951))-1
A95: 88 | B95: =EXP(SUM(Painel_diario!$L$3580:$L$3667))-1 | C95: =EXP(SUM(Painel_diario!$L$4217:$L$4304))-1 | D95: =EXP(SUM(Painel_diario!$L$4345:$L$4432))-1 | E95: =EXP(SUM(Painel_diario!$L$4719:$L$4806))-1 | F95: =EXP(SUM(Painel_diario!$L$4865:$L$4952))-1
A96: 89 | B96: =EXP(SUM(Painel_diario!$L$3580:$L$3668))-1 | C96: =EXP(SUM(Painel_diario!$L$4217:$L$4305))-1 | D96: =EXP(SUM(Painel_diario!$L$4345:$L$4433))-1 | E96: =EXP(SUM(Painel_diario!$L$4719:$L$4807))-1 | F96: =EXP(SUM(Painel_diario!$L$4865:$L$4953))-1
A97: 90 | B97: =EXP(SUM(Painel_diario!$L$3580:$L$3669))-1 | C97: =EXP(SUM(Painel_diario!$L$4217:$L$4306))-1 | D97: =EXP(SUM(Painel_diario!$L$4345:$L$4434))-1 | E97: =EXP(SUM(Painel_diario!$L$4719:$L$4808))-1 | F97: =EXP(SUM(Painel_diario!$L$4865:$L$4954))-1
A98: 91 | B98: =EXP(SUM(Painel_diario!$L$3580:$L$3670))-1 | C98: =EXP(SUM(Painel_diario!$L$4217:$L$4307))-1 | D98: =EXP(SUM(Painel_diario!$L$4345:$L$4435))-1 | E98: =EXP(SUM(Painel_diario!$L$4719:$L$4809))-1 | F98: =EXP(SUM(Painel_diario!$L$4865:$L$4955))-1
A99: 92 | B99: =EXP(SUM(Painel_diario!$L$3580:$L$3671))-1 | C99: =EXP(SUM(Painel_diario!$L$4217:$L$4308))-1 | D99: =EXP(SUM(Painel_diario!$L$4345:$L$4436))-1 | E99: =EXP(SUM(Painel_diario!$L$4719:$L$4810))-1 | F99: =EXP(SUM(Painel_diario!$L$4865:$L$4956))-1
A100: 93 | B100: =EXP(SUM(Painel_diario!$L$3580:$L$3672))-1 | C100: =EXP(SUM(Painel_diario!$L$4217:$L$4309))-1 | D100: =EXP(SUM(Painel_diario!$L$4345:$L$4437))-1 | E100: =EXP(SUM(Painel_diario!$L$4719:$L$4811))-1 | F100: =EXP(SUM(Painel_diario!$L$4865:$L$4957))-1
A101: 94 | B101: =EXP(SUM(Painel_diario!$L$3580:$L$3673))-1 | C101: =EXP(SUM(Painel_diario!$L$4217:$L$4310))-1 | D101: =EXP(SUM(Painel_diario!$L$4345:$L$4438))-1 | E101: =EXP(SUM(Painel_diario!$L$4719:$L$4812))-1 | F101: =EXP(SUM(Painel_diario!$L$4865:$L$4958))-1
...

Sheet Diagnostico
A1: Robustez da regra e limites de leitura
A2: Numeros apurados na auditoria independente. Servem para acompanhar as tabelas acima e evitar que os pontos sejam lidos como precisos.
A4: Sensibilidade: retorno real anualizado por quadrante ao variar janela e confirmacoes
A5: Janela x confirmacoes | B5: EU_JD | C5: ED_JD | D5: EU_JU | E5: ED_JU | F5: Spread em Juros Down | G5: Spread em Juros Up | H5: Episodios de earnings
A6: 42 x 2 | B6: 21.5 | C6: 13 | D6: -9.7 | E6: -15.6 | F6: 8.6 | G6: 5.9 | H6: 35
A7: 63 x 1 | B7: 22.7 | C7: 11.5 | D7: -8.9 | E7: -17 | F7: 11.2 | G7: 8.1 | H7: 47
A8: 63 x 2 (oficial) | B8: 26.8 | C8: 8.4 | D8: -8.3 | E8: -18.3 | F8: 18.4 | G8: 10 | H8: 29
A9: 63 x 3 | B9: 17.8 | C9: 16.5 | D9: -5.4 | E9: -27.8 | F9: 1.2 | G9: 22.3 | H9: 19
A10: 84 x 2 | B10: 29.2 | C10: 8.4 | D10: -9.3 | E10: -17.9 | F10: 20.8 | G10: 8.6 | H10: 26
A11: 84 x 3 | B11: 15.3 | C11: 20.3 | D11: -7.4 | E11: -22.7 | F11: -5 | G11: 15.4 | H11: 18
A12: 126 x 2 | B12: 12.7 | C12: 23.8 | D12: -8.8 | E12: -18.2 | F12: -11.1 | G12: 9.4 | H12: 22
A14: A regra oficial usa 63 pregoes e 2 confirmacoes. O spread de earnings dentro de Juros Down vai de -11,1 a +20,8 p.p. na vizinhanca, entao a magnitude nao e um numero preciso.
A17: Teste de rotacao circular do rotulo de earnings
A18: Estatistica | B18: Observado (p.p.) | C18: p bicaudal | D18: Faixa nula 5-95%
A19: Spread de earnings dentro de Juros Down | B19: 15.7 | C19: 0.322 | D19: -25,3 a +25,3
A20: Spread de earnings dentro de Juros Up | B20: 11.5 | C20: 0.509 | D20: -25,7 a +27,4
A21: Spread de earnings incondicional | B21: 7.7 | C21: 0.523 | D21: -18,3 a +21,5
A22: Spread de juros incondicional (referencia) | B22: 28.1 | C22: 0.016 | D22: -16,2 a +16,9
A24: A rotacao preserva a persistencia do regime e sorteia o timing. O rotulo de juros passa no teste; o de earnings nao. Spread aritmetico anualizado.
A27: Bootstrap por episodio, reamostrando os 41 episodios inteiros
A28: Spread de earnings | B28: Observado (p.p.) | C28: IC 90% inferior | D28: IC 90% superior | E28: Probabilidade de ser positivo
A29: Dentro de Juros Down | B29: 15.7 | C29: -4.5 | D29: 31.2 | E29: 0.9
A30: Dentro de Juros Up | B30: 11.5 | C30: -10.5 | D30: 34 | E30: 0.82
A33: Poder preditivo em horizontes de carteira (spread de earnings, p.p.)
A34: Horizonte | B34: Dentro de Juros Down | C34: Dentro de Juros Up
A35: 1 mes | B35: -0.6 | C35: 10.9
A36: 3 meses | B36: -9.4 | C36: 2.6
A37: 6 meses | B37: 2.2 | C37: 1.9
A38: 12 meses | B38: 2.9 | C38: 3.5
A40: O spread desaparece e troca de sinal em qualquer horizonte de carteira. A grade descreve o ambiente vigente; nao antecipa o retorno.
A43: Subamostras: retorno real anualizado por quadrante (%)
A44: Periodo | B44: EU_JD | C44: ED_JD | D44: EU_JU | E44: ED_JU | F44: Spread em Juros Down | G44: Spread em Juros Up
A45: 2006-2015 | B45: 40.8 | C45: 11.8 | D45: -16 | E45: -20.5 | F45: 29.1 | G45: 4.5
A46: 2016-2026 | B46: 23.1 | C46: 5.2 | D46: 1.4 | E46: -11.2 | F46: 17.9 | G46: 12.6
A47: 2006-2012 | B47: 40.8 | C47: 17.8 | D47: -18.7 | E47: -20.4 | F47: 23 | G47: 1.6
A48: 2013-2019 | B48: 20.3 | C48: 21.3 | D48: 6.1 | E48: -21.9 | F48: -0.9 | G48: 28.1
A49: 2020-2026 | B49: 27.7 | C49: -11 | D49: -3.5 | E49: -4.7 | F49: 38.7 | G49: 1.2
A51: A ordenacao Juros Down acima de Juros Up vale em todas as subamostras. A de earnings vale em 9 das 10 celulas, com magnitude muito instavel.

Sheet Painel_diario
A1: Data | B1: Ibovespa | C1: BPA 12m fwd (removido) | D1: ln(BPA) (removido) | E1: Inclinacao 63d (x1000) | F1: Earnings | G1: Juros | H1: Quadrante | I1: Mes | J1: Tem retorno | K1: Tem IPCA | L1: log ret nominal | M1: log inflacao dia | N1: log ret real | O1: CDI ret dia | P1: log CDI | Q1: log ret USDBRL | R1: USDBRL | S1: Swap 360d (%) | T1: EU_JD | U1: EU_JU | V1: ED_JD | W1: ED_JU | X1: Swap Juros Up | Y1: Swap Juros Down
A2: 38810 | B2: 38717 | E2: 0.484 | F2: Up | G2: Down | H2: EU_JD | I2: 2006-04 | J2: 1 | K2: 1 | L2: =IF($J2=1,LN(B3/B2),"") | M2: =IF($K2=1,INDEX(Mensal!$D$2:$D$245,MATCH($I2,Mensal!$A$2:$A$245,0)),"") | N2: =IF($K2=1,L2-M2,"") | O2: 0.00060452 | P2: =IF($J2=1,LN(1+O2),"") | Q2: =IF($J2=1,LN(R3/R2),"") | R2: 2.1542 | S2: 14.73 | T2: 38717 | Y2: 14.73
A3: 38811 | B3: 38802 | E3: 0.4514 | F3: Up | G3: Down | H3: EU_JD | I3: 2006-04 | J3: 1 | K3: 1 | L3: =IF($J3=1,LN(B4/B3),"") | M3: =IF($K3=1,INDEX(Mensal!$D$2:$D$245,MATCH($I3,Mensal!$A$2:$A$245,0)),"") | N3: =IF($K3=1,L3-M3,"") | O3: 0.00060383 | P3: =IF($J3=1,LN(1+O3),"") | Q3: =IF($J3=1,LN(R4/R3),"") | R3: 2.1293 | S3: 14.72 | T3: 38802 | Y3: 14.72
A4: 38812 | B4: 39053 | E4: 0.4061 | F4: Up | G4: Down | H4: EU_JD | I4: 2006-04 | J4: 1 | K4: 1 | L4: =IF($J4=1,LN(B5/B4),"") | M4: =IF($K4=1,INDEX(Mensal!$D$2:$D$245,MATCH($I4,Mensal!$A$2:$A$245,0)),"") | N4: =IF($K4=1,L4-M4,"") | O4: 0.00060349 | P4: =IF($J4=1,LN(1+O4),"") | Q4: =IF($J4=1,LN(R5/R4),"") | R4: 2.1344 | S4: 14.68 | T4: 39053 | Y4: 14.68
A5: 38813 | B5: 39285 | E5: 0.3651 | F5: Up | G5: Down | H5: EU_JD | I5: 2006-04 | J5: 1 | K5: 1 | L5: =IF($J5=1,LN(B6/B5),"") | M5: =IF($K5=1,INDEX(Mensal!$D$2:$D$245,MATCH($I5,Mensal!$A$2:$A$245,0)),"") | N5: =IF($K5=1,L5-M5,"") | O5: 0.00060315 | P5: =IF($J5=1,LN(1+O5),"") | Q5: =IF($J5=1,LN(R6/R5),"") | R5: 2.1299 | S5: 14.69 | T5: 39285 | Y5: 14.69
A6: 38814 | B6: 38926 | E6: 0.3363 | F6: Up | G6: Down | H6: EU_JD | I6: 2006-04 | J6: 1 | K6: 1 | L6: =IF($J6=1,LN(B7/B6),"") | M6: =IF($K6=1,INDEX(Mensal!$D$2:$D$245,MATCH($I6,Mensal!$A$2:$A$245,0)),"") | N6: =IF($K6=1,L6-M6,"") | O6: 0.00060281 | P6: =IF($J6=1,LN(1+O6),"") | Q6: =IF($J6=1,LN(R7/R6),"") | R6: 2.1409 | S6: 14.78 | T6: 38926 | Y6: 14.78
A7: 38817 | B7: 38474 | E7: 0.31 | F7: Up | G7: Down | H7: EU_JD | I7: 2006-04 | J7: 1 | K7: 1 | L7: =IF($J7=1,LN(B8/B7),"") | M7: =IF($K7=1,INDEX(Mensal!$D$2:$D$245,MATCH($I7,Mensal!$A$2:$A$245,0)),"") | N7: =IF($K7=1,L7-M7,"") | O7: 0.00060281 | P7: =IF($J7=1,LN(1+O7),"") | Q7: =IF($J7=1,LN(R8/R7),"") | R7: 2.1522 | S7: 14.88 | T7: 38474 | Y7: 14.88
A8: 38818 | B8: 37901 | E8: 0.2811 | F8: Up | G8: Down | H8: EU_JD | I8: 2006-04 | J8: 1 | K8: 1 | L8: =IF($J8=1,LN(B9/B8),"") | M8: =IF($K8=1,INDEX(Mensal!$D$2:$D$245,MATCH($I8,Mensal!$A$2:$A$245,0)),"") | N8: =IF($K8=1,L8-M8,"") | O8: 0.00060281 | P8: =IF($J8=1,LN(1+O8),"") | Q8: =IF($J8=1,LN(R9/R8),"") | R8: 2.142 | S8: 14.79 | T8: 37901 | Y8: 14.79
A9: 38819 | B9: 38427 | E9: 0.2521 | F9: Up | G9: Down | H9: EU_JD | I9: 2006-04 | J9: 1 | K9: 1 | L9: =IF($J9=1,LN(B10/B9),"") | M9: =IF($K9=1,INDEX(Mensal!$D$2:$D$245,MATCH($I9,Mensal!$A$2:$A$245,0)),"") | N9: =IF($K9=1,L9-M9,"") | O9: 0.00060281 | P9: =IF($J9=1,LN(1+O9),"") | Q9: =IF($J9=1,LN(R10/R9),"") | R9: 2.1336 | S9: 14.7 | T9: 38427 | Y9: 14.7
A10: 38820 | B10: 38082 | E10: 0.1933 | F10: Up | G10: Down | H10: EU_JD | I10: 2006-04 | J10: 1 | K10: 1 | L10: =IF($J10=1,LN(B11/B10),"") | M10: =IF($K10=1,INDEX(Mensal!$D$2:$D$245,MATCH($I10,Mensal!$A$2:$A$245,0)),"") | N10: =IF($K10=1,L10-M10,"") | O10: 0.00060281 | P10: =IF($J10=1,LN(1+O10),"") | Q10: =IF($J10=1,LN(R11/R10),"") | R10: 2.1426 | S10: 14.68 | T10: 38082 | Y10: 14.68
A11: 38824 | B11: 38462 | E11: 0.1122 | F11: Up | G11: Down | H11: EU_JD | I11: 2006-04 | J11: 1 | K11: 1 | L11: =IF($J11=1,LN(B12/B11),"") | M11: =IF($K11=1,INDEX(Mensal!$D$2:$D$245,MATCH($I11,Mensal!$A$2:$A$245,0)),"") | N11: =IF($K11=1,L11-M11,"") | O11: 0.00060281 | P11: =IF($J11=1,LN(1+O11),"") | Q11: =IF($J11=1,LN(R12/R11),"") | R11: 2.1343 | S11: 14.68 | T11: 38462 | Y11: 14.68
A12: 38825 | B12: 39572 | E12: 0.0311 | F12: Up | G12: Down | H12: EU_JD | I12: 2006-04 | J12: 1 | K12: 1 | L12: =IF($J12=1,LN(B13/B12),"") | M12: =IF($K12=1,INDEX(Mensal!$D$2:$D$245,MATCH($I12,Mensal!$A$2:$A$245,0)),"") | N12: =IF($K12=1,L12-M12,"") | O12: 0.00060281 | P12: =IF($J12=1,LN(1+O12),"") | Q12: =IF($J12=1,LN(R13/R12),"") | R12: 2.1292 | S12: 14.58 | T12: 39572 | Y12: 14.58
A13: 38826 | B13: 39937 | E13: -0.0469 | F13: Up | G13: Down | H13: EU_JD | I13: 2006-04 | J13: 1 | K13: 1 | L13: =IF($J13=1,LN(B14/B13),"") | M13: =IF($K13=1,INDEX(Mensal!$D$2:$D$245,MATCH($I13,Mensal!$A$2:$A$245,0)),"") | N13: =IF($K13=1,L13-M13,"") | O13: 0.00060281 | P13: =IF($J13=1,LN(1+O13),"") | Q13: =IF($J13=1,LN(R14/R13),"") | R13: 2.1143 | S13: 14.56 | T13: 39937 | Y13: 14.56
... A41: 38868 | B41: 36530 | E41: -0.6265 | F41: Up | G41: Down | H41: EU_JD | I41: 2006-05 | J41: 1 | K41: 1 | L41: =IF($J41=1,LN(B42/B41),"") | M41: =IF($K41=1,INDEX(Mensal!$D$2:$D$245,MATCH($I41,Mensal!$A$2:$A$245,0)),"") | N41: =IF($K41=1,L41-M41,"") | O41: 0.00057714 | P41: =IF($J41=1,LN(1+O41),"") | Q41: =IF($J41=1,LN(R42/R41),"") | R41: 2.3005 | S41: 15.48 | T41: 36530 | Y41: 15.48
A42: 38869 | B42: 37748 | E42: -0.6593 | F42: Down | G42: Down | H42: ED_JD | I42: 2006-06 | J42: 1 | K42: 1 | L42: =IF($J42=1,LN(B43/B42),"") | M42: =IF($K42=1,INDEX(Mensal!$D$2:$D$245,MATCH($I42,Mensal!$A$2:$A$245,0)),"") | N42: =IF($K42=1,L42-M42,"") | O42: 0.00055994 | P42: =IF($J42=1,LN(1+O42),"") | Q42: =IF($J42=1,LN(R43/R42),"") | R42: 2.2713 | S42: 15.33 | V42: 37748 | Y42: 15.33
A43: 38870 | B43: 37942 | E43: -0.6903 | F43: Down | G43: Down | H43: ED_JD | I43: 2006-06 | J43: 1 | K43: 1 | L43: =IF($J43=1,LN(B44/B43),"") | M43: =IF($K43=1,INDEX(Mensal!$D$2:$D$245,MATCH($I43,Mensal!$A$2:$A$245,0)),"") | N43: =IF($K43=1,L43-M43,"") | O43: 0.00056063 | P43: =IF($J43=1,LN(1+O43),"") | Q43: =IF($J43=1,LN(R44/R43),"") | R43: 2.2595 | S43: 15.35 | V43: 37942 | Y43: 15.35
A44: 38873 | B44: 36739 | E44: -0.7159 | F44: Down | G44: Down | H44: ED_JD | I44: 2006-06 | J44: 1 | K44: 1 | L44: =IF($J44=1,LN(B45/B44),"") | M44: =IF($K44=1,INDEX(Mensal!$D$2:$D$245,MATCH($I44,Mensal!$A$2:$A$245,0)),"") | N44: =IF($K44=1,L44-M44,"") | O44: 0.00056097 | P44: =IF($J44=1,LN(1+O44),"") | Q44: =IF($J44=1,LN(R45/R44),"") | R44: 2.2557 | S44: 15.33 | V44: 36739 | Y44: 15.33
A45: 38874 | B45: 36577 | E45: -0.7424 | F45: Down | G45: Down | H45: ED_JD | I45: 2006-06 | J45: 1 | K45: 1 | L45: =IF($J45=1,LN(B46/B45),"") | M45: =IF($K45=1,INDEX(Mensal!$D$2:$D$245,MATCH($I45,Mensal!$A$2:$A$245,0)),"") | N45: =IF($K45=1,L45-M45,"") | O45: 0.00055994 | P45: =IF($J45=1,LN(1+O45),"") | Q45: =IF($J45=1,LN(R46/R45),"") | R45: 2.2686 | S45: 15.35 | V45: 36577 | Y45: 15.35
A46: 38875 | B46: 35264 | E46: -0.7669 | F46: Down | G46: Down | H46: ED_JD | I46: 2006-06 | J46: 1 | K46: 1 | L46: =IF($J46=1,LN(B47/B46),"") | M46: =IF($K46=1,INDEX(Mensal!$D$2:$D$245,MATCH($I46,Mensal!$A$2:$A$245,0)),"") | N46: =IF($K46=1,L46-M46,"") | O46: 0.0005596 | P46: =IF($J46=1,LN(1+O46),"") | Q46: =IF($J46=1,LN(R47/R46),"") | R46: 2.25 | S46: 15.33 | V46: 35264 | Y46: 15.33
A47: 38876 | B47: 35437 | E47: -0.7877 | F47: Down | G47: Down | H47: ED_JD | I47: 2006-06 | J47: 1 | K47: 1 | L47: =IF($J47=1,LN(B48/B47),"") | M47: =IF($K47=1,INDEX(Mensal!$D$2:$D$245,MATCH($I47,Mensal!$A$2:$A$245,0)),"") | N47: =IF($K47=1,L47-M47,"") | O47: 0.0005596 | P47: =IF($J47=1,LN(1+O47),"") | Q47: =IF($J47=1,LN(R48/R47),"") | R47: 2.2701 | S47: 15.29 | V47: 35437 | Y47: 15.29
A48: 38877 | B48: 35074 | E48: -0.8056 | F48: Down | G48: Down | H48: ED_JD | I48: 2006-06 | J48: 1 | K48: 1 | L48: =IF($J48=1,LN(B49/B48),"") | M48: =IF($K48=1,INDEX(Mensal!$D$2:$D$245,MATCH($I48,Mensal!$A$2:$A$245,0)),"") | N48: =IF($K48=1,L48-M48,"") | O48: 0.0005596 | P48: =IF($J48=1,LN(1+O48),"") | Q48: =IF($J48=1,LN(R49/R48),"") | R48: 2.2615 | S48: 15.24 | V48: 35074 | Y48: 15.24
A49: 38880 | B49: 32847 | E49: -0.7964 | F49: Down | G49: Down | H49: ED_JD | I49: 2006-06 | J49: 1 | K49: 1 | L49: =IF($J49=1,LN(B50/B49),"") | M49: =IF($K49=1,INDEX(Mensal!$D$2:$D$245,MATCH($I49,Mensal!$A$2:$A$245,0)),"") | N49: =IF($K49=1,L49-M49,"") | O49: 0.00055994 | P49: =IF($J49=1,LN(1+O49),"") | Q49: =IF($J49=1,LN(R50/R49),"") | R49: 2.2707 | S49: 15.32 | V49: 32847 | Y49: 15.32
A50: 38881 | B50: 33554 | E50: -0.7818 | F50: Down | G50: Down | H50: ED_JD | I50: 2006-06 | J50: 1 | K50: 1 | L50: =IF($J50=1,LN(B51/B50),"") | M50: =IF($K50=1,INDEX(Mensal!$D$2:$D$245,MATCH($I50,Mensal!$A$2:$A$245,0)),"") | N50: =IF($K50=1,L50-M50,"") | O50: 0.00055994 | P50: =IF($J50=1,LN(1+O50),"") | Q50: =IF($J50=1,LN(R51/R50),"") | R50: 2.3018 | S50: 15.35 | V50: 33554 | Y50: 15.35
A51: 38882 | B51: 32941 | E51: -0.7782 | F51: Down | G51: Down | H51: ED_JD | I51: 2006-06 | J51: 1 | K51: 1 | L51: =IF($J51=1,LN(B52/B51),"") | M51: =IF($K51=1,INDEX(Mensal!$D$2:$D$245,MATCH($I51,Mensal!$A$2:$A$245,0)),"") | N51: =IF($K51=1,L51-M51,"") | O51: 0.0005596 | P51: =IF($J51=1,LN(1+O51),"") | Q51: =IF($J51=1,LN(R52/R51),"") | R51: 2.2845 | S51: 15.28 | V51: 32941 | Y51: 15.28
A52: 38884 | B52: 34398 | E52: -0.7684 | F52: Down | G52: Down | H52: ED_JD | I52: 2006-06 | J52: 1 | K52: 1 | L52: =IF($J52=1,LN(B53/B52),"") | M52: =IF($K52=1,INDEX(Mensal!$D$2:$D$245,MATCH($I52,Mensal!$A$2:$A$245,0)),"") | N52: =IF($K52=1,L52-M52,"") | O52: 0.0005596 | P52: =IF($J52=1,LN(1+O52),"") | Q52: =IF($J52=1,LN(R53/R52),"") | R52: 2.2521 | S52: 15.12 | V52: 34398 | Y52: 15.12
A53: 38887 | B53: 33897 | E53: -0.7652 | F53: Down | G53: Down | H53: ED_JD | I53: 2006-06 | J53: 1 | K53: 1 | L53: =IF($J53=1,LN(B54/B53),"") | M53: =IF($K53=1,INDEX(Mensal!$D$2:$D$245,MATCH($I53,Mensal!$A$2:$A$245,0)),"") | N53: =IF($K53=1,L53-M53,"") | O53: 0.0005596 | P53: =IF($J53=1,LN(1+O53),"") | Q53: =IF($J53=1,LN(R54/R53),"") | R53: 2.2404 | S53: 15.17 | V53: 33897 | Y53: 15.17
... A147: 39021 | B147: 39262 | E147: 0.9978 | F147: Down | G147: Down | H147: ED_JD | I147: 2006-10 | J147: 1 | K147: 1 | L147: =IF($J147=1,LN(B148/B147),"") | M147: =IF($K147=1,INDEX(Mensal!$D$2:$D$245,MATCH($I147,Mensal!$A$2:$A$245,0)),"") | N147: =IF($K147=1,L147-M147,"") | O147: 0.00050788 | P147: =IF($J147=1,LN(1+O147),"") | Q147: =IF($J147=1,LN(R148/R147),"") | R147: 2.143 | S147: 13.01 | V147: 39262 | Y147: 13.01
A148: 39022 | B148: 39930 | E148: 0.9958 | F148: Up | G148: Down | H148: EU_JD | I148: 2006-11 | J148: 1 | K148: 1 | L148: =IF($J148=1,LN(B149/B148),"") | M148: =IF($K148=1,INDEX(Mensal!$D$2:$D$245,MATCH($I148,Mensal!$A$2:$A$245,0)),"") | N148: =IF($K148=1,L148-M148,"") | O148: 0.00050753 | P148: =IF($J148=1,LN(1+O148),"") | Q148: =IF($J148=1,LN(R149/R148),"") | R148: 2.141 | S148: 12.94 | T148: 39930 | Y148: 12.94
A149: 39024 | B149: 40435 | E149: 0.9929 | F149: Up | G149: Down | H149: EU_JD | I149: 2006-11 | J149: 1 | K149: 1 | L149: =IF($J149=1,LN(B150/B149),"") | M149: =IF($K149=1,INDEX(Mensal!$D$2:$D$245,MATCH($I149,Mensal!$A$2:$A$245,0)),"") | N149: =IF($K149=1,L149-M149,"") | O149: 0.00050753 | P149: =IF($J149=1,LN(1+O149),"") | Q149: =IF($J149=1,LN(R150/R149),"") | R149: 2.142 | S149: 12.91 | T149: 40435 | Y149: 12.91
A150: 39027 | B150: 41246 | E150: 0.9873 | F150: Up | G150: Down | H150: EU_JD | I150: 2006-11 | J150: 1 | K150: 1 | L150: =IF($J150=1,LN(B151/B150),"") | M150: =IF($K150=1,INDEX(Mensal!$D$2:$D$245,MATCH($I150,Mensal!$A$2:$A$245,0)),"") | N150: =IF($K150=1,L150-M150,"") | O150: 0.00050893 | P150: =IF($J150=1,LN(1+O150),"") | Q150: =IF($J150=1,LN(R151/R150),"") | R150: 2.1378 | S150: 12.92 | T150: 41246 | Y150: 12.92
A151: 39028 | B151: 41048 | E151: 0.9743 | F151: Up | G151: Down | H151: EU_JD | I151: 2006-11 | J151: 1 | K151: 1 | L151: =IF($J151=1,LN(B152/B151),"") | M151: =IF($K151=1,INDEX(Mensal!$D$2:$D$245,MATCH($I151,Mensal!$A$2:$A$245,0)),"") | N151: =IF($K151=1,L151-M151,"") | O151: 0.00050858 | P151: =IF($J151=1,LN(1+O151),"") | Q151: =IF($J151=1,LN(R152/R151),"") | R151: 2.1353 | S151: 12.93 | T151: 41048 | Y151: 12.93
A152: 39029 | B152: 41334 | E152: 0.9915 | F152: Up | G152: Down | H152: EU_JD | I152: 2006-11 | J152: 1 | K152: 1 | L152: =IF($J152=1,LN(B153/B152),"") | M152: =IF($K152=1,INDEX(Mensal!$D$2:$D$245,MATCH($I152,Mensal!$A$2:$A$245,0)),"") | N152: =IF($K152=1,L152-M152,"") | O152: 0.00050788 | P152: =IF($J152=1,LN(1+O152),"") | Q152: =IF($J152=1,LN(R153/R152),"") | R152: 2.1464 | S152: 12.98 | T152: 41334 | Y152: 12.98
A153: 39030 | B153: 40815 | E153: 0.9985 | F153: Up | G153: Down | H153: EU_JD | I153: 2006-11 | J153: 1 | K153: 1 | L153: =IF($J153=1,LN(B154/B153),"") | M153: =IF($K153=1,INDEX(Mensal!$D$2:$D$245,MATCH($I153,Mensal!$A$2:$A$245,0)),"") | N153: =IF($K153=1,L153-M153,"") | O153: 0.00050718 | P153: =IF($J153=1,LN(1+O153),"") | Q153: =IF($J153=1,LN(R154/R153),"") | R153: 2.1412 | S153: 13 | T153: 40815 | Y153: 13
A154: 39031 | B154: 40719 | E154: 1.0041 | F154: Up | G154: Down | H154: EU_JD | I154: 2006-11 | J154: 1 | K154: 1 | L154: =IF($J154=1,LN(B155/B154),"") | M154: =IF($K154=1,INDEX(Mensal!$D$2:$D$245,MATCH($I154,Mensal!$A$2:$A$245,0)),"") | N154: =IF($K154=1,L154-M154,"") | O154: 0.00050718 | P154: =IF($J154=1,LN(1+O154),"") | Q154: =IF($J154=1,LN(R155/R154),"") | R154: 2.1489 | S154: 13.03 | T154: 40719 | Y154: 13.03
A155: 39034 | B155: 40605 | E155: 1.0077 | F155: Up | G155: Down | H155: EU_JD | I155: 2006-11 | J155: 1 | K155: 1 | L155: =IF($J155=1,LN(B156/B155),"") | M155: =IF($K155=1,INDEX(Mensal!$D$2:$D$245,MATCH($I155,Mensal!$A$2:$A$245,0)),"") | N155: =IF($K155=1,L155-M155,"") | O155: 0.00050718 | P155: =IF($J155=1,LN(1+O155),"") | Q155: =IF($J155=1,LN(R156/R155),"") | R155: 2.162 | S155: 13.02 | T155: 40605 | Y155: 13.02
A156: 39035 | B156: 41290 | E156: 1.0127 | F156: Up | G156: Down | H156: EU_JD | I156: 2006-11 | J156: 1 | K156: 1 | L156: =IF($J156=1,LN(B157/B156),"") | M156: =IF($K156=1,INDEX(Mensal!$D$2:$D$245,MATCH($I156,Mensal!$A$2:$A$245,0)),"") | N156: =IF($K156=1,L156-M156,"") | O156: 0.00050718 | P156: =IF($J156=1,LN(1+O156),"") | Q156: =IF($J156=1,LN(R157/R156),"") | R156: 2.1537 | S156: 12.95 | T156: 41290 | Y156: 12.95
A157: 39037 | B157: 41161 | E157: 1.0213 | F157: Up | G157: Down | H157: EU_JD | I157: 2006-11 | J157: 1 | K157: 1 | L157: =IF($J157=1,LN(B158/B157),"") | M157: =IF($K157=1,INDEX(Mensal!$D$2:$D$245,MATCH($I157,Mensal!$A$2:$A$245,0)),"") | N157: =IF($K157=1,L157-M157,"") | O157: 0.00050683 | P157: =IF($J157=1,LN(1+O157),"") | Q157: =IF($J157=1,LN(R158/R157),"") | R157: 2.1517 | S157: 12.93 | T157: 41161 | Y157: 12.93
A158: 39038 | B158: 41029 | E158: 1.0286 | F158: Up | G158: Down | H158: EU_JD | I158: 2006-11 | J158: 1 | K158: 1 | L158: =IF($J158=1,LN(B159/B158),"") | M158: =IF($K158=1,INDEX(Mensal!$D$2:$D$245,MATCH($I158,Mensal!$A$2:$A$245,0)),"") | N158: =IF($K158=1,L158-M158,"") | O158: 0.00050648 | P158: =IF($J158=1,LN(1+O158),"") | Q158: =IF($J158=1,LN(R159/R158),"") | R158: 2.1593 | S158: 13.01 | T158: 41029 | Y158: 13.01
A159: 39042 | B159: 41570 | E159: 1.0366 | F159: Up | G159: Down | H159: EU_JD | I159: 2006-11 | J159: 1 | K159: 1 | L159: =IF($J159=1,LN(B160/B159),"") | M159: =IF($K159=1,INDEX(Mensal!$D$2:$D$245,MATCH($I159,Mensal!$A$2:$A$245,0)),"") | N159: =IF($K159=1,L159-M159,"") | O159: 0.00050683 | P159: =IF($J159=1,LN(1+O159),"") | Q159: =IF($J159=1,LN(R160/R159),"") | R159: 2.1638 | S159: 12.98 | T159: 41570 | Y159: 12.98
... A355: 39330 | B355: 54407 | E355: 1.9599 | F355: Up | G355: Down | H355: EU_JD | I355: 2007-09 | J355: 1 | K355: 1 | L355: =IF($J355=1,LN(B356/B355),"") | M355: =IF($K355=1,INDEX(Mensal!$D$2:$D$245,MATCH($I355,Mensal!$A$2:$A$245,0)),"") | N355: =IF($K355=1,L355-M355,"") | O355: 0.00042742 | P355: =IF($J355=1,LN(1+O355),"") | Q355: =IF($J355=1,LN(R356/R355),"") | R355: 1.964 | S355: 11.378 | T355: 54407 | Y355: 11.378
A356: 39331 | B356: 54569 | E356: 2.1559 | F356: Up | G356: Up | H356: EU_JU | I356: 2007-09 | J356: 1 | K356: 1 | L356: =IF($J356=1,LN(B357/B356),"") | M356: =IF($K356=1,INDEX(Mensal!$D$2:$D$245,MATCH($I356,Mensal!$A$2:$A$245,0)),"") | N356: =IF($K356=1,L356-M356,"") | O356: 0.00041922 | P356: =IF($J356=1,LN(1+O356),"") | Q356: =IF($J356=1,LN(R357/R356),"") | R356: 1.9545 | S356: 11.352 | U356: 54569 | X356: 11.352
A357: 39335 | B357: 52652 | E357: 2.3933 | F357: Up | G357: Up | H357: EU_JU | I357: 2007-09 | J357: 1 | K357: 1 | L357: =IF($J357=1,LN(B358/B357),"") | M357: =IF($K357=1,INDEX(Mensal!$D$2:$D$245,MATCH($I357,Mensal!$A$2:$A$245,0)),"") | N357: =IF($K357=1,L357-M357,"") | O357: 0.00041922 | P357: =IF($J357=1,LN(1+O357),"") | Q357: =IF($J357=1,LN(R358/R357),"") | R357: 1.9591 | S357: 11.441 | U357: 52652 | X357: 11.441
A358: 39336 | B358: 53920 | E358: 2.6197 | F358: Up | G358: Up | H358: EU_JU | I358: 2007-09 | J358: 1 | K358: 1 | L358: =IF($J358=1,LN(B359/B358),"") | M358: =IF($K358=1,INDEX(Mensal!$D$2:$D$245,MATCH($I358,Mensal!$A$2:$A$245,0)),"") | N358: =IF($K358=1,L358-M358,"") | O358: 0.00041886 | P358: =IF($J358=1,LN(1+O358),"") | Q358: =IF($J358=1,LN(R359/R358),"") | R358: 1.9304 | S358: 11.391 | U358: 53920 | X358: 11.391
A359: 39337 | B359: 53882 | E359: 2.8349 | F359: Up | G359: Up | H359: EU_JU | I359: 2007-09 | J359: 1 | K359: 1 | L359: =IF($J359=1,LN(B360/B359),"") | M359: =IF($K359=1,INDEX(Mensal!$D$2:$D$245,MATCH($I359,Mensal!$A$2:$A$245,0)),"") | N359: =IF($K359=1,L359-M359,"") | O359: 0.0004185 | P359: =IF($J359=1,LN(1+O359),"") | Q359: =IF($J359=1,LN(R360/R359),"") | R359: 1.9125 | S359: 11.315 | U359: 53882 | X359: 11.315
A360: 39338 | B360: 54908 | E360: 3.0394 | F360: Up | G360: Up | H360: EU_JU | I360: 2007-09 | J360: 1 | K360: 1 | L360: =IF($J360=1,LN(B361/B360),"") | M360: =IF($K360=1,INDEX(Mensal!$D$2:$D$245,MATCH($I360,Mensal!$A$2:$A$245,0)),"") | N360: =IF($K360=1,L360-M360,"") | O360: 0.00041814 | P360: =IF($J360=1,LN(1+O360),"") | Q360: =IF($J360=1,LN(R361/R360),"") | R360: 1.8991 | S360: 11.387 | U360: 54908 | X360: 11.387
A361: 39339 | B361: 54671 | E361: 3.237 | F361: Up | G361: Up | H361: EU_JU | I361: 2007-09 | J361: 1 | K361: 1 | L361: =IF($J361=1,LN(B362/B361),"") | M361: =IF($K361=1,INDEX(Mensal!$D$2:$D$245,MATCH($I361,Mensal!$A$2:$A$245,0)),"") | N361: =IF($K361=1,L361-M361,"") | O361: 0.0004185 | P361: =IF($J361=1,LN(1+O361),"") | Q361: =IF($J361=1,LN(R362/R361),"") | R361: 1.9031 | S361: 11.337 | U361: 54671 | X361: 11.337
A362: 39342 | B362: 54340 | E362: 3.4304 | F362: Up | G362: Up | H362: EU_JU | I362: 2007-09 | J362: 1 | K362: 1 | L362: =IF($J362=1,LN(B363/B362),"") | M362: =IF($K362=1,INDEX(Mensal!$D$2:$D$245,MATCH($I362,Mensal!$A$2:$A$245,0)),"") | N362: =IF($K362=1,L362-M362,"") | O362: 0.00041814 | P362: =IF($J362=1,LN(1+O362),"") | Q362: =IF($J362=1,LN(R363/R362),"") | R362: 1.9123 | S362: 11.385 | U362: 54340 | X362: 11.385
A363: 39343 | B363: 56666 | E363: 3.6118 | F363: Up | G363: Up | H363: EU_JU | I363: 2007-09 | J363: 1 | K363: 1 | L363: =IF($J363=1,LN(B364/B363),"") | M363: =IF($K363=1,INDEX(Mensal!$D$2:$D$245,MATCH($I363,Mensal!$A$2:$A$245,0)),"") | N363: =IF($K363=1,L363-M363,"") | O363: 0.0004185 | P363: =IF($J363=1,LN(1+O363),"") | Q363: =IF($J363=1,LN(R364/R363),"") | R363: 1.896 | S363: 11.309 | U363: 56666 | X363: 11.309
A364: 39344 | B364: 57264 | E364: 3.782 | F364: Up | G364: Up | H364: EU_JU | I364: 2007-09 | J364: 1 | K364: 1 | L364: =IF($J364=1,LN(B365/B364),"") | M364: =IF($K364=1,INDEX(Mensal!$D$2:$D$245,MATCH($I364,Mensal!$A$2:$A$245,0)),"") | N364: =IF($K364=1,L364-M364,"") | O364: 0.00041779 | P364: =IF($J364=1,LN(1+O364),"") | Q364: =IF($J364=1,LN(R365/R364),"") | R364: 1.8639 | S364: 11.224 | U364: 57264 | X364: 11.224
A365: 39345 | B365: 56906 | E365: 3.9295 | F365: Up | G365: Up | H365: EU_JU | I365: 2007-09 | J365: 1 | K365: 1 | L365: =IF($J365=1,LN(B366/B365),"") | M365: =IF($K365=1,INDEX(Mensal!$D$2:$D$245,MATCH($I365,Mensal!$A$2:$A$245,0)),"") | N365: =IF($K365=1,L365-M365,"") | O365: 0.00041743 | P365: =IF($J365=1,LN(1+O365),"") | Q365: =IF($J365=1,LN(R366/R365),"") | R365: 1.8637 | S365: 11.229 | U365: 56906 | X365: 11.229
A366: 39346 | B366: 57798 | E366: 4.0661 | F366: Up | G366: Up | H366: EU_JU | I366: 2007-09 | J366: 1 | K366: 1 | L366: =IF($J366=1,LN(B367/B366),"") | M366: =IF($K366=1,INDEX(Mensal!$D$2:$D$245,MATCH($I366,Mensal!$A$2:$A$245,0)),"") | N366: =IF($K366=1,L366-M366,"") | O366: 0.00041743 | P366: =IF($J366=1,LN(1+O366),"") | Q366: =IF($J366=1,LN(R367/R366),"") | R366: 1.8618 | S366: 11.15 | U366: 57798 | X366: 11.15
A367: 39349 | B367: 58719 | E367: 4.1804 | F367: Up | G367: Up | H367: EU_JU | I367: 2007-09 | J367: 1 | K367: 1 | L367: =IF($J367=1,LN(B368/B367),"") | M367: =IF($K367=1,INDEX(Mensal!$D$2:$D$245,MATCH($I367,Mensal!$A$2:$A$245,0)),"") | N367: =IF($K367=1,L367-M367,"") | O367: 0.00041707 | P367: =IF($J367=1,LN(1+O367),"") | Q367: =IF($J367=1,LN(R368/R367),"") | R367: 1.8694 | S367: 11.181 | U367: 58719 | X367: 11.181
... A430: 39444 | B430: 63886 | E430: -2.6199 | F430: Up | G430: Up | H430: EU_JU | I430: 2007-12 | J430: 1 | K430: 1 | L430: =IF($J430=1,LN(B431/B430),"") | M430: =IF($K430=1,INDEX(Mensal!$D$2:$D$245,MATCH($I430,Mensal!$A$2:$A$245,0)),"") | N430: =IF($K430=1,L430-M430,"") | O430: 0.0004185 | P430: =IF($J430=1,LN(1+O430),"") | Q430: =IF($J430=1,LN(R431/R430),"") | R430: 1.7713 | S430: 12.052 | U430: 63886 | X430: 12.052
A431: 39449 | B431: 62815 | E431: -2.5061 | F431: Down | G431: Up | H431: ED_JU | I431: 2008-01 | J431: 1 | K431: 1 | L431: =IF($J431=1,LN(B432/B431),"") | M431: =IF($K431=1,INDEX(Mensal!$D$2:$D$245,MATCH($I431,Mensal!$A$2:$A$245,0)),"") | N431: =IF($K431=1,L431-M431,"") | O431: 0.00041743 | P431: =IF($J431=1,LN(1+O431),"") | Q431: =IF($J431=1,LN(R432/R431),"") | R431: 1.7722 | S431: 12.02 | W431: 62815 | X431: 12.02
A432: 39450 | B432: 62891 | E432: -2.3782 | F432: Down | G432: Up | H432: ED_JU | I432: 2008-01 | J432: 1 | K432: 1 | L432: =IF($J432=1,LN(B433/B432),"") | M432: =IF($K432=1,INDEX(Mensal!$D$2:$D$245,MATCH($I432,Mensal!$A$2:$A$245,0)),"") | N432: =IF($K432=1,L432-M432,"") | O432: 0.00041743 | P432: =IF($J432=1,LN(1+O432),"") | Q432: =IF($J432=1,LN(R433/R432),"") | R432: 1.7569 | S432: 11.94 | W432: 62891 | X432: 11.94
A433: 39451 | B433: 61036 | E433: -2.2417 | F433: Down | G433: Up | H433: ED_JU | I433: 2008-01 | J433: 1 | K433: 1 | L433: =IF($J433=1,LN(B434/B433),"") | M433: =IF($K433=1,INDEX(Mensal!$D$2:$D$245,MATCH($I433,Mensal!$A$2:$A$245,0)),"") | N433: =IF($K433=1,L433-M433,"") | O433: 0.00041564 | P433: =IF($J433=1,LN(1+O433),"") | Q433: =IF($J433=1,LN(R434/R433),"") | R433: 1.7574 | S433: 12.036 | W433: 61036 | X433: 12.036
A434: 39454 | B434: 60772 | E434: -2.0877 | F434: Down | G434: Up | H434: ED_JU | I434: 2008-01 | J434: 1 | K434: 1 | L434: =IF($J434=1,LN(B435/B434),"") | M434: =IF($K434=1,INDEX(Mensal!$D$2:$D$245,MATCH($I434,Mensal!$A$2:$A$245,0)),"") | N434: =IF($K434=1,L434-M434,"") | O434: 0.00041707 | P434: =IF($J434=1,LN(1+O434),"") | Q434: =IF($J434=1,LN(R435/R434),"") | R434: 1.7675 | S434: 12.073 | W434: 60772 | X434: 12.073
A435: 39455 | B435: 62080 | E435: -1.9304 | F435: Down | G435: Up | H435: ED_JU | I435: 2008-01 | J435: 1 | K435: 1 | L435: =IF($J435=1,LN(B436/B435),"") | M435: =IF($K435=1,INDEX(Mensal!$D$2:$D$245,MATCH($I435,Mensal!$A$2:$A$245,0)),"") | N435: =IF($K435=1,L435-M435,"") | O435: 0.00041743 | P435: =IF($J435=1,LN(1+O435),"") | Q435: =IF($J435=1,LN(R436/R435),"") | R435: 1.7554 | S435: 12.03 | W435: 62080 | X435: 12.03
A436: 39456 | B436: 62673 | E436: -1.7665 | F436: Down | G436: Up | H436: ED_JU | I436: 2008-01 | J436: 1 | K436: 1 | L436: =IF($J436=1,LN(B437/B436),"") | M436: =IF($K436=1,INDEX(Mensal!$D$2:$D$245,MATCH($I436,Mensal!$A$2:$A$245,0)),"") | N436: =IF($K436=1,L436-M436,"") | O436: 0.00041779 | P436: =IF($J436=1,LN(1+O436),"") | Q436: =IF($J436=1,LN(R437/R436),"") | R436: 1.7691 | S436: 12.06 | W436: 62673 | X436: 12.06
A437: 39457 | B437: 63515 | E437: -1.5954 | F437: Down | G437: Up | H437: ED_JU | I437: 2008-01 | J437: 1 | K437: 1 | L437: =IF($J437=1,LN(B438/B437),"") | M437: =IF($K437=1,INDEX(Mensal!$D$2:$D$245,MATCH($I437,Mensal!$A$2:$A$245,0)),"") | N437: =IF($K437=1,L437-M437,"") | O437: 0.00041814 | P437: =IF($J437=1,LN(1+O437),"") | Q437: =IF($J437=1,LN(R438/R437),"") | R437: 1.7628 | S437: 12.106 | W437: 63515 | X437: 12.106
A438: 39458 | B438: 61942 | E438: -1.4076 | F438: Down | G438: Up | H438: ED_JU | I438: 2008-01 | J438: 1 | K438: 1 | L438: =IF($J438=1,LN(B439/B438),"") | M438: =IF($K438=1,INDEX(Mensal!$D$2:$D$245,MATCH($I438,Mensal!$A$2:$A$245,0)),"") | N438: =IF($K438=1,L438-M438,"") | O438: 0.00041743 | P438: =IF($J438=1,LN(1+O438),"") | Q438: =IF($J438=1,LN(R439/R438),"") | R438: 1.7536 | S438: 12.033 | W438: 61942 | X438: 12.033
A439: 39461 | B439: 62187 | E439: -1.2091 | F439: Down | G439: Up | H439: ED_JU | I439: 2008-01 | J439: 1 | K439: 1 | L439: =IF($J439=1,LN(B440/B439),"") | M439: =IF($K439=1,INDEX(Mensal!$D$2:$D$245,MATCH($I439,Mensal!$A$2:$A$245,0)),"") | N439: =IF($K439=1,L439-M439,"") | O439: 0.00041743 | P439: =IF($J439=1,LN(1+O439),"") | Q439: =IF($J439=1,LN(R440/R439),"") | R439: 1.7414 | S439: 12.049 | W439: 62187 | X439: 12.049
A440: 39462 | B440: 59907 | E440: -1.0017 | F440: Down | G440: Up | H440: ED_JU | I440: 2008-01 | J440: 1 | K440: 1 | L440: =IF($J440=1,LN(B441/B440),"") | M440: =IF($K440=1,INDEX(Mensal!$D$2:$D$245,MATCH($I440,Mensal!$A$2:$A$245,0)),"") | N440: =IF($K440=1,L440-M440,"") | O440: 0.00041707 | P440: =IF($J440=1,LN(1+O440),"") | Q440: =IF($J440=1,LN(R441/R440),"") | R440: 1.745 | S440: 11.998 | W440: 59907 | X440: 11.998
A441: 39463 | B441: 58777 | E441: -0.7825 | F441: Down | G441: Up | H441: ED_JU | I441: 2008-01 | J441: 1 | K441: 1 | L441: =IF($J441=1,LN(B442/B441),"") | M441: =IF($K441=1,INDEX(Mensal!$D$2:$D$245,MATCH($I441,Mensal!$A$2:$A$245,0)),"") | N441: =IF($K441=1,L441-M441,"") | O441: 0.00041707 | P441: =IF($J441=1,LN(1+O441),"") | Q441: =IF($J441=1,LN(R442/R441),"") | R441: 1.763 | S441: 12.015 | W441: 58777 | X441: 12.015
A442: 39464 | B442: 57036 | E442: -0.5545 | F442: Down | G442: Up | H442: ED_JU | I442: 2008-01 | J442: 1 | K442: 1 | L442: =IF($J442=1,LN(B443/B442),"") | M442: =IF($K442=1,INDEX(Mensal!$D$2:$D$245,MATCH($I442,Mensal!$A$2:$A$245,0)),"") | N442: =IF($K442=1,L442-M442,"") | O442: 0.00041672 | P442: =IF($J442=1,LN(1+O442),"") | Q442: =IF($J442=1,LN(R443/R442),"") | R442: 1.7687 | S442: 11.998 | W442: 57036 | X442: 11.998
... A469: 39506 | B469: 65555 | E469: 1.4018 | F469: Down | G469: Up | H469: ED_JU | I469: 2008-02 | J469: 1 | K469: 1 | L469: =IF($J469=1,LN(B470/B469),"") | M469: =IF($K469=1,INDEX(Mensal!$D$2:$D$245,MATCH($I469,Mensal!$A$2:$A$245,0)),"") | N469: =IF($K469=1,L469-M469,"") | O469: 0.00041707 | P469: =IF($J469=1,LN(1+O469),"") | Q469: =IF($J469=1,LN(R470/R469),"") | R469: 1.6723 | S469: 11.912 | W469: 65555 | X469: 11.912
A470: 39510 | B470: 64491 | E470: 1.4152 | F470: Up | G470: Up | H470: EU_JU | I470: 2008-03 | J470: 1 | K470: 1 | L470: =IF($J470=1,LN(B471/B470),"") | M470: =IF($K470=1,INDEX(Mensal!$D$2:$D$245,MATCH($I470,Mensal!$A$2:$A$245,0)),"") | N470: =IF($K470=1,L470-M470,"") | O470: 0.00041779 | P470: =IF($J470=1,LN(1+O470),"") | Q470: =IF($J470=1,LN(R471/R470),"") | R470: 1.6816 | S470: 11.857 | U470: 64491 | X470: 11.857
A471: 39511 | B471: 63655 | E471: 1.4278 | F471: Up | G471: Up | H471: EU_JU | I471: 2008-03 | J471: 1 | K471: 1 | L471: =IF($J471=1,LN(B472/B471),"") | M471: =IF($K471=1,INDEX(Mensal!$D$2:$D$245,MATCH($I471,Mensal!$A$2:$A$245,0)),"") | N471: =IF($K471=1,L471-M471,"") | O471: 0.00041743 | P471: =IF($J471=1,LN(1+O471),"") | Q471: =IF($J471=1,LN(R472/R471),"") | R471: 1.673 | S471: 11.888 | U471: 63655 | X471: 11.888
A472: 39512 | B472: 64629 | E472: 1.4371 | F472: Up | G472: Up | H472: EU_JU | I472: 2008-03 | J472: 1 | K472: 1 | L472: =IF($J472=1,LN(B473/B472),"") | M472: =IF($K472=1,INDEX(Mensal!$D$2:$D$245,MATCH($I472,Mensal!$A$2:$A$245,0)),"") | N472: =IF($K472=1,L472-M472,"") | O472: 0.00041707 | P472: =IF($J472=1,LN(1+O472),"") | Q472: =IF($J472=1,LN(R473/R472),"") | R472: 1.67 | S472: 11.864 | U472: 64629 | X472: 11.864
A473: 39513 | B473: 62974 | E473: 1.4387 | F473: Up | G473: Up | H473: EU_JU | I473: 2008-03 | J473: 1 | K473: 1 | L473: =IF($J473=1,LN(B474/B473),"") | M473: =IF($K473=1,INDEX(Mensal!$D$2:$D$245,MATCH($I473,Mensal!$A$2:$A$245,0)),"") | N473: =IF($K473=1,L473-M473,"") | O473: 0.00041707 | P473: =IF($J473=1,LN(1+O473),"") | Q473: =IF($J473=1,LN(R474/R473),"") | R473: 1.672 | S473: 12.097 | U473: 62974 | X473: 12.097
A474: 39514 | B474: 61867 | E474: 1.4388 | F474: Up | G474: Up | H474: EU_JU | I474: 2008-03 | J474: 1 | K474: 1 | L474: =IF($J474=1,LN(B475/B474),"") | M474: =IF($K474=1,INDEX(Mensal!$D$2:$D$245,MATCH($I474,Mensal!$A$2:$A$245,0)),"") | N474: =IF($K474=1,L474-M474,"") | O474: 0.00041743 | P474: =IF($J474=1,LN(1+O474),"") | Q474: =IF($J474=1,LN(R475/R474),"") | R474: 1.6841 | S474: 12.097 | U474: 61867 | X474: 12.097
A475: 39517 | B475: 59999 | E475: 1.4356 | F475: Up | G475: Up | H475: EU_JU | I475: 2008-03 | J475: 1 | K475: 1 | L475: =IF($J475=1,LN(B476/B475),"") | M475: =IF($K475=1,INDEX(Mensal!$D$2:$D$245,MATCH($I475,Mensal!$A$2:$A$245,0)),"") | N475: =IF($K475=1,L475-M475,"") | O475: 0.00041743 | P475: =IF($J475=1,LN(1+O475),"") | Q475: =IF($J475=1,LN(R476/R475),"") | R475: 1.6996 | S475: 12.208 | U475: 59999 | X475: 12.208
A476: 39518 | B476: 62367 | E476: 1.4275 | F476: Up | G476: Up | H476: EU_JU | I476: 2008-03 | J476: 1 | K476: 1 | L476: =IF($J476=1,LN(B477/B476),"") | M476: =IF($K476=1,INDEX(Mensal!$D$2:$D$245,MATCH($I476,Mensal!$A$2:$A$245,0)),"") | N476: =IF($K476=1,L476-M476,"") | O476: 0.00041779 | P476: =IF($J476=1,LN(1+O476),"") | Q476: =IF($J476=1,LN(R477/R476),"") | R476: 1.6947 | S476: 12.17 | U476: 62367 | X476: 12.17
A477: 39519 | B477: 62176 | E477: 1.4169 | F477: Up | G477: Up | H477: EU_JU | I477: 2008-03 | J477: 1 | K477: 1 | L477: =IF($J477=1,LN(B478/B477),"") | M477: =IF($K477=1,INDEX(Mensal!$D$2:$D$245,MATCH($I477,Mensal!$A$2:$A$245,0)),"") | N477: =IF($K477=1,L477-M477,"") | O477: 0.00041707 | P477: =IF($J477=1,LN(1+O477),"") | Q477: =IF($J477=1,LN(R478/R477),"") | R477: 1.6796 | S477: 12.251 | U477: 62176 | X477: 12.251
A478: 39520 | B478: 62279 | E478: 1.4047 | F478: Up | G478: Up | H478: EU_JU | I478: 2008-03 | J478: 1 | K478: 1 | L478: =IF($J478=1,LN(B479/B478),"") | M478: =IF($K478=1,INDEX(Mensal!$D$2:$D$245,MATCH($I478,Mensal!$A$2:$A$245,0)),"") | N478: =IF($K478=1,L478-M478,"") | O478: 0.00041707 | P478: =IF($J478=1,LN(1+O478),"") | Q478: =IF($J478=1,LN(R479/R478),"") | R478: 1.6971 | S478: 12.393 | U478: 62279 | X478: 12.393
A479: 39521 | B479: 61990 | E479: 1.3939 | F479: Up | G479: Up | H479: EU_JU | I479: 2008-03 | J479: 1 | K479: 1 | L479: =IF($J479=1,LN(B480/B479),"") | M479: =IF($K479=1,INDEX(Mensal!$D$2:$D$245,MATCH($I479,Mensal!$A$2:$A$245,0)),"") | N479: =IF($K479=1,L479-M479,"") | O479: 0.00041779 | P479: =IF($J479=1,LN(1+O479),"") | Q479: =IF($J479=1,LN(R480/R479),"") | R479: 1.6947 | S479: 12.497 | U479: 61990 | X479: 12.497
A480: 39524 | B480: 60011 | E480: 1.383 | F480: Up | G480: Up | H480: EU_JU | I480: 2008-03 | J480: 1 | K480: 1 | L480: =IF($J480=1,LN(B481/B480),"") | M480: =IF($K480=1,INDEX(Mensal!$D$2:$D$245,MATCH($I480,Mensal!$A$2:$A$245,0)),"") | N480: =IF($K480=1,L480-M480,"") | O480: 0.00041743 | P480: =IF($J480=1,LN(1+O480),"") | Q480: =IF($J480=1,LN(R481/R480),"") | R480: 1.7248 | S480: 12.548 | U480: 60011 | X480: 12.548
A481: 39525 | B481: 61932 | E481: 1.3738 | F481: Up | G481: Up | H481: EU_JU | I481: 2008-03 | J481: 1 | K481: 1 | L481: =IF($J481=1,LN(B482/B481),"") | M481: =IF($K481=1,INDEX(Mensal!$D$2:$D$245,MATCH($I481,Mensal!$A$2:$A$245,0)),"") | N481: =IF($K481=1,L481-M481,"") | O481: 0.00041743 | P481: =IF($J481=1,LN(1+O481),"") | Q481: =IF($J481=1,LN(R482/R481),"") | R481: 1.7007 | S481: 12.476 | U481: 61932 | X481: 12.476
... A665: 39791 | B665: 37968 | E665: -1.5105 | F665: Up | G665: Up | H665: EU_JU | I665: 2008-12 | J665: 1 | K665: 1 | L665: =IF($J665=1,LN(B666/B665),"") | M665: =IF($K665=1,INDEX(Mensal!$D$2:$D$245,MATCH($I665,Mensal!$A$2:$A$245,0)),"") | N665: =IF($K665=1,L665-M665,"") | O665: 0.00050159 | P665: =IF($J665=1,LN(1+O665),"") | Q665: =IF($J665=1,LN(R666/R665),"") | R665: 2.4829 | S665: 13.175 | U665: 37968 | X665: 13.175
A666: 39792 | B666: 39004 | E666: -1.6144 | F666: Up | G666: Down | H666: EU_JD | I666: 2008-12 | J666: 1 | K666: 1 | L666: =IF($J666=1,LN(B667/B666),"") | M666: =IF($K666=1,INDEX(Mensal!$D$2:$D$245,MATCH($I666,Mensal!$A$2:$A$245,0)),"") | N666: =IF($K666=1,L666-M666,"") | O666: 0.00050124 | P666: =IF($J666=1,LN(1+O666),"") | Q666: =IF($J666=1,LN(R667/R666),"") | R666: 2.4683 | S666: 12.948 | T666: 39004 | Y666: 12.948
A667: 39793 | B667: 38519 | E667: -1.7199 | F667: Up | G667: Down | H667: EU_JD | I667: 2008-12 | J667: 1 | K667: 1 | L667: =IF($J667=1,LN(B668/B667),"") | M667: =IF($K667=1,INDEX(Mensal!$D$2:$D$245,MATCH($I667,Mensal!$A$2:$A$245,0)),"") | N667: =IF($K667=1,L667-M667,"") | O667: 0.00050124 | P667: =IF($J667=1,LN(1+O667),"") | Q667: =IF($J667=1,LN(R668/R667),"") | R667: 2.3397 | S667: 12.839 | T667: 38519 | Y667: 12.839
A668: 39794 | B668: 39373 | E668: -1.8102 | F668: Up | G668: Down | H668: EU_JD | I668: 2008-12 | J668: 1 | K668: 1 | L668: =IF($J668=1,LN(B669/B668),"") | M668: =IF($K668=1,INDEX(Mensal!$D$2:$D$245,MATCH($I668,Mensal!$A$2:$A$245,0)),"") | N668: =IF($K668=1,L668-M668,"") | O668: 0.00050089 | P668: =IF($J668=1,LN(1+O668),"") | Q668: =IF($J668=1,LN(R669/R668),"") | R668: 2.392 | S668: 12.822 | T668: 39373 | Y668: 12.822
A669: 39797 | B669: 38320 | E669: -1.8889 | F669: Up | G669: Down | H669: EU_JD | I669: 2008-12 | J669: 1 | K669: 1 | L669: =IF($J669=1,LN(B670/B669),"") | M669: =IF($K669=1,INDEX(Mensal!$D$2:$D$245,MATCH($I669,Mensal!$A$2:$A$245,0)),"") | N669: =IF($K669=1,L669-M669,"") | O669: 0.00050124 | P669: =IF($J669=1,LN(1+O669),"") | Q669: =IF($J669=1,LN(R670/R669),"") | R669: 2.369 | S669: 12.781 | T669: 38320 | Y669: 12.781
A670: 39798 | B670: 39993 | E670: -1.9716 | F670: Up | G670: Down | H670: EU_JD | I670: 2008-12 | J670: 1 | K670: 1 | L670: =IF($J670=1,LN(B671/B670),"") | M670: =IF($K670=1,INDEX(Mensal!$D$2:$D$245,MATCH($I670,Mensal!$A$2:$A$245,0)),"") | N670: =IF($K670=1,L670-M670,"") | O670: 0.00050124 | P670: =IF($J670=1,LN(1+O670),"") | Q670: =IF($J670=1,LN(R671/R670),"") | R670: 2.3783 | S670: 12.821 | T670: 39993 | Y670: 12.821
A671: 39799 | B671: 39947 | E671: -2.0623 | F671: Up | G671: Down | H671: EU_JD | I671: 2008-12 | J671: 1 | K671: 1 | L671: =IF($J671=1,LN(B672/B671),"") | M671: =IF($K671=1,INDEX(Mensal!$D$2:$D$245,MATCH($I671,Mensal!$A$2:$A$245,0)),"") | N671: =IF($K671=1,L671-M671,"") | O671: 0.00050194 | P671: =IF($J671=1,LN(1+O671),"") | Q671: =IF($J671=1,LN(R672/R671),"") | R671: 2.3576 | S671: 12.523 | T671: 39947 | Y671: 12.523
A672: 39800 | B672: 39536 | E672: -2.1453 | F672: Up | G672: Down | H672: EU_JD | I672: 2008-12 | J672: 1 | K672: 1 | L672: =IF($J672=1,LN(B673/B672),"") | M672: =IF($K672=1,INDEX(Mensal!$D$2:$D$245,MATCH($I672,Mensal!$A$2:$A$245,0)),"") | N672: =IF($K672=1,L672-M672,"") | O672: 0.00050264 | P672: =IF($J672=1,LN(1+O672),"") | Q672: =IF($J672=1,LN(R673/R672),"") | R672: 2.3572 | S672: 12.362 | T672: 39536 | Y672: 12.362
A673: 39801 | B673: 39131 | E673: -2.226 | F673: Up | G673: Down | H673: EU_JD | I673: 2008-12 | J673: 1 | K673: 1 | L673: =IF($J673=1,LN(B674/B673),"") | M673: =IF($K673=1,INDEX(Mensal!$D$2:$D$245,MATCH($I673,Mensal!$A$2:$A$245,0)),"") | N673: =IF($K673=1,L673-M673,"") | O673: 0.00050124 | P673: =IF($J673=1,LN(1+O673),"") | Q673: =IF($J673=1,LN(R674/R673),"") | R673: 2.3859 | S673: 12.454 | T673: 39131 | Y673: 12.454
A674: 39804 | B674: 37618 | E674: -2.3167 | F674: Up | G674: Down | H674: EU_JD | I674: 2008-12 | J674: 1 | K674: 1 | L674: =IF($J674=1,LN(B675/B674),"") | M674: =IF($K674=1,INDEX(Mensal!$D$2:$D$245,MATCH($I674,Mensal!$A$2:$A$245,0)),"") | N674: =IF($K674=1,L674-M674,"") | O674: 0.00050299 | P674: =IF($J674=1,LN(1+O674),"") | Q674: =IF($J674=1,LN(R675/R674),"") | R674: 2.374 | S674: 12.304 | T674: 37618 | Y674: 12.304
A675: 39805 | B675: 36470 | E675: -2.396 | F675: Up | G675: Down | H675: EU_JD | I675: 2008-12 | J675: 1 | K675: 1 | L675: =IF($J675=1,LN(B676/B675),"") | M675: =IF($K675=1,INDEX(Mensal!$D$2:$D$245,MATCH($I675,Mensal!$A$2:$A$245,0)),"") | N675: =IF($K675=1,L675-M675,"") | O675: 0.00050159 | P675: =IF($J675=1,LN(1+O675),"") | Q675: =IF($J675=1,LN(R676/R675),"") | R675: 2.3829 | S675: 12.3 | T675: 36470 | Y675: 12.3
A676: 39808 | B676: 36864 | E676: -2.4723 | F676: Up | G676: Down | H676: EU_JD | I676: 2008-12 | J676: 1 | K676: 1 | L676: =IF($J676=1,LN(B677/B676),"") | M676: =IF($K676=1,INDEX(Mensal!$D$2:$D$245,MATCH($I676,Mensal!$A$2:$A$245,0)),"") | N676: =IF($K676=1,L676-M676,"") | O676: 0.00050299 | P676: =IF($J676=1,LN(1+O676),"") | Q676: =IF($J676=1,LN(R677/R676),"") | R676: 2.3613 | S676: 12.287 | T676: 36864 | Y676: 12.287
A677: 39811 | B677: 37060 | E677: -2.5311 | F677: Up | G677: Down | H677: EU_JD | I677: 2008-12 | J677: 1 | K677: 1 | L677: =IF($J677=1,LN(B678/B677),"") | M677: =IF($K677=1,INDEX(Mensal!$D$2:$D$245,MATCH($I677,Mensal!$A$2:$A$245,0)),"") | N677: =IF($K677=1,L677-M677,"") | O677: 0.00050578 | P677: =IF($J677=1,LN(1+O677),"") | Q677: =IF($J677=1,LN(R678/R677),"") | R677: 2.3956 | S677: 12.325 | T677: 37060 | Y677: 12.325
A678: 39812 | B678: 37550 | E678: -2.5913 | F678: Up | G678: Down | H678: EU_JD | I678: 2008-12 | J678: 1 | K678: 1 | L678: =IF($J678=1,LN(B679/B678),"") | M678: =IF($K678=1,INDEX(Mensal!$D$2:$D$245,MATCH($I678,Mensal!$A$2:$A$245,0)),"") | N678: =IF($K678=1,L678-M678,"") | O678: 0.00050648 | P678: =IF($J678=1,LN(1+O678),"") | Q678: =IF($J678=1,LN(R679/R678),"") | R678: 2.337 | S678: 12.168 | T678: 37550 | Y678: 12.168
A679: 39815 | B679: 40244 | E679: -2.605 | F679: Down | G679: Down | H679: ED_JD | I679: 2009-01 | J679: 1 | K679: 1 | L679: =IF($J679=1,LN(B680/B679),"") | M679: =IF($K679=1,INDEX(Mensal!$D$2:$D$245,MATCH($I679,Mensal!$A$2:$A$245,0)),"") | N679: =IF($K679=1,L679-M679,"") | O679: 0.00050683 | P679: =IF($J679=1,LN(1+O679),"") | Q679: =IF($J679=1,LN(R680/R679),"") | R679: 2.3298 | S679: 12.172 | V679: 40244 | Y679: 12.172
A680: 39818 | B680: 41518 | E680: -2.614 | F680: Down | G680: Down | H680: ED_JD | I680: 2009-01 | J680: 1 | K680: 1 | L680: =IF($J680=1,LN(B681/B680),"") | M680: =IF($K680=1,INDEX(Mensal!$D$2:$D$245,MATCH($I680,Mensal!$A$2:$A$245,0)),"") | N680: =IF($K680=1,L680-M680,"") | O680: 0.00050578 | P680: =IF($J680=1,LN(1+O680),"") | Q680: =IF($J680=1,LN(R681/R680),"") | R680: 2.278 | S680: 12.073 | V680: 41518 | Y680: 12.073
A681: 39819 | B681: 42312 | E681: -2.6238 | F681: Down | G681: Down | H681: ED_JD | I681: 2009-01 | J681: 1 | K681: 1 | L681: =IF($J681=1,LN(B682/B681),"") | M681: =IF($K681=1,INDEX(Mensal!$D$2:$D$245,MATCH($I681,Mensal!$A$2:$A$245,0)),"") | N681: =IF($K681=1,L681-M681,"") | O681: 0.00050613 | P681: =IF($J681=1,LN(1+O681),"") | Q681: =IF($J681=1,LN(R682/R681),"") | R681: 2.1889 | S681: 11.99 | V681: 42312 | Y681: 11.99
A682: 39820 | B682: 40820 | E682: -2.6248 | F682: Down | G682: Down | H682: ED_JD | I682: 2009-01 | J682: 1 | K682: 1 | L682: =IF($J682=1,LN(B683/B682),"") | M682: =IF($K682=1,INDEX(Mensal!$D$2:$D$245,MATCH($I682,Mensal!$A$2:$A$245,0)),"") | N682: =IF($K682=1,L682-M682,"") | O682: 0.00050648 | P682: =IF($J682=1,LN(1+O682),"") | Q682: =IF($J682=1,LN(R683/R682),"") | R682: 2.2174 | S682: 12.071 | V682: 40820 | Y682: 12.071
A683: 39821 | B683: 41990 | E683: -2.6344 | F683: Down | G683: Down | H683: ED_JD | I683: 2009-01 | J683: 1 | K683: 1 | L683: =IF($J683=1,LN(B684/B683),"") | M683: =IF($K683=1,INDEX(Mensal!$D$2:$D$245,MATCH($I683,Mensal!$A$2:$A$245,0)),"") | N683: =IF($K683=1,L683-M683,"") | O683: 0.00050613 | P683: =IF($J683=1,LN(1+O683),"") | Q683: =IF($J683=1,LN(R684/R683),"") | R683: 2.2683 | S683: 11.88 | V683: 41990 | Y683: 11.88
A684: 39822 | B684: 41582 | E684: -2.6198 | F684: Down | G684: Down | H684: ED_JD | I684: 2009-01 | J684: 1 | K684: 1 | L684: =IF($J684=1,LN(B685/B684),"") | M684: =IF($K684=1,INDEX(Mensal!$D$2:$D$245,MATCH($I684,Mensal!$A$2:$A$245,0)),"") | N684: =IF($K684=1,L684-M684,"") | O684: 0.00050648 | P684: =IF($J684=1,LN(1+O684),"") | Q684: =IF($J684=1,LN(R685/R684),"") | R684: 2.2867 | S684: 11.622 | V684: 41582 | Y684: 11.622
A685: 39825 | B685: 39404 | E685: -2.6191 | F685: Down | G685: Down | H685: ED_JD | I685: 2009-01 | J685: 1 | K685: 1 | L685: =IF($J685=1,LN(B686/B685),"") | M685: =IF($K685=1,INDEX(Mensal!$D$2:$D$245,MATCH($I685,Mensal!$A$2:$A$245,0)),"") | N685: =IF($K685=1,L685-M685,"") | O685: 0.00050613 | P685: =IF($J685=1,LN(1+O685),"") | Q685: =IF($J685=1,LN(R686/R685),"") | R685: 2.2969 | S685: 11.588 | V685: 39404 | Y685: 11.588
A686: 39826 | B686: 39544 | E686: -2.6427 | F686: Down | G686: Down | H686: ED_JD | I686: 2009-01 | J686: 1 | K686: 1 | L686: =IF($J686=1,LN(B687/B686),"") | M686: =IF($K686=1,INDEX(Mensal!$D$2:$D$245,MATCH($I686,Mensal!$A$2:$A$245,0)),"") | N686: =IF($K686=1,L686-M686,"") | O686: 0.00050613 | P686: =IF($J686=1,LN(1+O686),"") | Q686: =IF($J686=1,LN(R687/R686),"") | R686: 2.3083 | S686: 11.464 | V686: 39544 | Y686: 11.464
...

Sheet Mensal
A1: Mes | B1: IPCA no mes | C1: Intervalos de pregao | D1: log inflacao por intervalo
A2: 2006-04 | B2: 0.0021 | C2: 18 | D2: =LN(1+B2)/C2
A3: 2006-05 | B3: 0.001 | C3: 22 | D3: =LN(1+B3)/C3
A4: 2006-06 | B4: -0.0021 | C4: 21 | D4: =LN(1+B4)/C4
A5: 2006-07 | B5: 0.0019 | C5: 21 | D5: =LN(1+B5)/C5
A6: 2006-08 | B6: 0.0005 | C6: 23 | D6: =LN(1+B6)/C6
A7: 2006-09 | B7: 0.0021 | C7: 20 | D7: =LN(1+B7)/C7
A8: 2006-10 | B8: 0.0033 | C8: 21 | D8: =LN(1+B8)/C8
A9: 2006-11 | B9: 0.0031 | C9: 19 | D9: =LN(1+B9)/C9
A10: 2006-12 | B10: 0.0048 | C10: 19 | D10: =LN(1+B10)/C10
A11: 2007-01 | B11: 0.0044 | C11: 21 | D11: =LN(1+B11)/C11
A12: 2007-02 | B12: 0.0044 | C12: 18 | D12: =LN(1+B12)/C12
A13: 2007-03 | B13: 0.0037 | C13: 22 | D13: =LN(1+B13)/C13
... A245: 2026-07 | B245: 0.0007 | C245: 23 | D245: =LN(1+B245)/C245
A247: Fonte: BCB SGS 433. IPCA realizado ate jul/2026; agosto/2026 fica fora do retorno real.
